scheme_id,scheme_name,scheme_name_tamil,category,description_en,description_ta,eligibility_en,eligibility_ta,required_documents_en,required_documents_ta,application_process_en,application_process_ta,official_link
1,Kalaignar Magalir Urimai Thogai Scheme,கலைஞர் மகளிர் உரிமை தொகை திட்டம்,Women Welfare,"The Kalaignar Magalir Urimai Thogai Scheme provides monthly financial assistance to eligible women heads of families in Tamil Nadu. The program aims to strengthen women’s financial independence and improve household welfare by supporting women responsible for family income and essential expenses.","கலைஞர் மகளிர் உரிமை தொகை திட்டம் தமிழ்நாடு அரசால் பெண்கள் குடும்பத் தலைவர்களுக்கு மாதாந்திர நிதி உதவி வழங்கும் திட்டமாகும். இந்த திட்டம் பெண்களின் பொருளாதார சுயநிலையை வலுப்படுத்தி குடும்ப நலனை மேம்படுத்தும் நோக்கில் செயல்படுகிறது.","Woman must be head of the household, resident of Tamil Nadu, and belong to eligible ration card categories.","பெண் குடும்பத் தலைவர் ஆக இருக்க வேண்டும் மற்றும் தமிழ்நாடு குடியிருப்பாளர் ஆக இருக்க வேண்டும்.","Aadhaar Card; Ration Card; Bank Passbook; Residence Proof","ஆதார் அட்டை; ரேஷன் கார்டு; வங்கி கணக்கு விவரம்; முகவரி சான்று","Apply through ration shop verification or online through Tamil Nadu government portal.","ரேஷன் கடை அல்லது அரசு இணையதளம் மூலம் விண்ணப்பிக்கலாம்.","https://www.tn.gov.in"
2,Chief Minister Breakfast Scheme,முதல்வர் காலை உணவு திட்டம்,Education,"The Chief Minister Breakfast Scheme provides nutritious breakfast to students studying in government primary schools across Tamil Nadu.","முதல்வர் காலை உணவு திட்டம் அரசு ஆரம்பப் பள்ளி மாணவர்களுக்கு ஊட்டச்சத்து மிகுந்த காலை உணவை வழங்குகிறது.","Students studying in government primary schools in Tamil Nadu.","தமிழ்நாடு அரசு ஆரம்பப் பள்ளிகளில் படிக்கும் மாணவர்கள்.","School ID; Enrollment record","பள்ளி அடையாள அட்டை; சேர்க்கை பதிவு","Automatically provided through the school administration.","பள்ளி நிர்வாகத்தின் மூலம் தானாக வழங்கப்படும்.","https://kmut.tnega.org/"
3,Pudhumai Penn Scheme,புதுமைப் பெண் திட்டம்,Education,"The Pudhumai Penn Scheme encourages girls who studied in government schools to pursue higher education by providing monthly financial assistance.","புதுமைப் பெண் திட்டம் அரசு பள்ளிகளில் படித்த மாணவிகள் உயர்கல்வியை தொடர ஊக்குவிக்கும் வகையில் மாதாந்திர நிதி உதவி வழங்குகிறது.","Girl students who studied in government schools and enrolled in higher education.","அரசு பள்ளிகளில் படித்து உயர்கல்வியில் சேர்ந்த மாணவிகள்.","Aadhaar; Education Certificate; Bank Passbook","ஆதார்; கல்வி சான்றிதழ்; வங்கி கணக்கு","Apply through college administration or online portal.","கல்லூரி அல்லது இணையதளம் மூலம் விண்ணப்பிக்கலாம்.","https://tnsocialwelfare.tn.gov.in/en/specilisationswoman-welfare/pudhumai-penn"
4,Free Bus Travel Scheme for Women,பெண்களுக்கு இலவச பேருந்து பயண திட்டம்,Women Welfare,"This scheme allows women to travel free of cost in ordinary government buses operated by the Tamil Nadu State Transport Corporations.","இந்த திட்டத்தின் கீழ் பெண்கள் அரசு சாதாரண பேருந்துகளில் கட்டணமின்றி பயணம் செய்ய அனுமதிக்கப்படுகின்றனர்.","Women residents of Tamil Nadu.","தமிழ்நாடு பெண்கள் குடியிருப்பாளர்கள்.","Aadhaar or valid ID proof","ஆதார் அல்லது அடையாள அட்டை","Available directly while traveling in government buses.","அரசு பேருந்தில் நேரடியாக பயன்படுத்தலாம்.","https://www.tnstc.in"
5,Chief Minister Comprehensive Health Insurance Scheme,முதல்வர் முழுமையான சுகாதார காப்பீட்டு திட்டம்,Health,"The Chief Minister Comprehensive Health Insurance Scheme offers free medical treatment for eligible low-income families.","முதல்வர் முழுமையான சுகாதார காப்பீட்டு திட்டம் பொருளாதார ரீதியாக பின்தங்கிய குடும்பங்களுக்கு இலவச சிகிச்சை வழங்குகிறது.","Families with eligible ration cards and income limits.","வருமான வரம்புக்குள் உள்ள குடும்பங்கள்.","Aadhaar; Ration Card; Income Certificate","ஆதார்; ரேஷன் கார்டு; வருமான சான்று","Apply through government hospitals or insurance enrollment centers.","அரசு மருத்துவமனை அல்லது பதிவு மையங்களில் விண்ணப்பிக்கலாம்.","https://www.cmchistn.com"
6,Amma Two Wheeler Scheme,அம்மா இருசக்கர வாகன திட்டம்,Women Empowerment,"The Amma Two Wheeler Scheme provides subsidy for working women to purchase a two-wheeler vehicle.","அம்மா இருசக்கர வாகன திட்டம் வேலை செய்யும் பெண்களுக்கு இருசக்கர வாகனம் வாங்க மானியம் வழங்குகிறது.","Working women aged 18-40 with valid driving license.","18-40 வயதுக்குள் வேலை செய்யும் பெண்கள்.","Driving License; Aadhaar; Income Certificate","ஓட்டுநர் உரிமம்; ஆதார்; வருமான சான்று","Apply through district collector office or online.","மாவட்ட ஆட்சியர் அலுவலகம் அல்லது இணையதளம் மூலம் விண்ணப்பிக்கலாம்.","https://www.tn.gov.in"
7,Naan Mudhalvan Scheme,நான் முதல்வன் திட்டம்,Skill Development,"The Naan Mudhalvan Scheme focuses on skill development and career guidance for students and youth.","நான் முதல்வன் திட்டம் மாணவர்கள் மற்றும் இளைஞர்களுக்கு திறன் மேம்பாடு வழங்குகிறது.","Students and youth in Tamil Nadu.","தமிழ்நாடு மாணவர்கள் மற்றும் இளைஞர்கள்.","Student ID; Aadhaar","மாணவர் அடையாள அட்டை; ஆதார்","Register through Naan Mudhalvan portal.","நான் முதல்வன் இணையதளம் மூலம் பதிவு செய்யலாம்.","https://naanmudhalvan.tn.gov.in"
8,Tamil Nadu Village Habitations Improvement Scheme (THAI),தமிழ்நாடு கிராம குடியிருப்பு மேம்பாட்டு திட்டம்,Infrastructure,"The scheme provides basic infrastructure in rural habitations.","இந்த திட்டம் கிராமப்புறங்களில் அடிப்படை வசதிகளை மேம்படுத்துகிறது.","Villages identified by government.","அரசால் தேர்வு செய்யப்பட்ட கிராமங்கள்.","Village records; Local body approval","கிராம நிர்வாக ஆவணங்கள்","Implemented through local government bodies.","உள்ளாட்சி அமைப்புகள் மூலம் செயல்படுத்தப்படுகிறது.","https://www.tn.gov.in"
9,Self Sufficiency Scheme,சுயநிறைவு திட்டம்,Rural Development,"The scheme promotes community participation in development works.","இந்த திட்டம் மக்கள் பங்களிப்புடன் கிராம வளர்ச்சி பணிகளை மேற்கொள்கிறது.","Local communities and village bodies.","கிராம மக்கள் மற்றும் உள்ளாட்சி அமைப்புகள்.","Project proposal; Village records","திட்ட முன்மொழிவு","Apply through panchayat office.","பஞ்சாயத்து அலுவலகம் மூலம் விண்ணப்பிக்கலாம்.","https://www.tn.gov.in"
10,Chief Minister Girl Child Protection Scheme,முதல்வர் பெண் குழந்தை பாதுகாப்பு திட்டம்,Women Welfare,"The scheme promotes protection and education of girl children.","பெண் குழந்தைகளின் கல்வி மற்றும் பாதுகாப்பை ஊக்குவிக்கும் திட்டம்.","Girl children from eligible families.","தகுதியுள்ள குடும்பங்களின் பெண் குழந்தைகள்.","Birth Certificate; Aadhaar; Income Certificate","பிறப்பு சான்று; ஆதார்","Apply through social welfare department.","சமூக நலத்துறை மூலம் விண்ணப்பிக்கலாம்.","https://www.tn.gov.in"
11,Dr Muthulakshmi Reddy Maternity Benefit Scheme,டாக்டர் முத்துலட்சுமி ரெட்டி மகப்பேறு உதவி திட்டம்,Health,"This scheme provides financial assistance to pregnant women to ensure proper nutrition and medical care during pregnancy and childbirth.","இந்த திட்டம் கர்ப்பிணிப் பெண்களுக்கு மகப்பேறு காலத்தில் ஊட்டச்சத்து மற்றும் மருத்துவ பராமரிப்பு பெற நிதி உதவி வழங்குகிறது.","Pregnant women from eligible low-income families receiving treatment in government hospitals.","அரசு மருத்துவமனையில் சிகிச்சை பெறும் பொருளாதார ரீதியாக பின்தங்கிய கர்ப்பிணிப் பெண்கள்.","Aadhaar Card; Pregnancy medical records; Bank passbook; Ration card","ஆதார் அட்டை; கர்ப்ப பரிசோதனை பதிவுகள்; வங்கி கணக்கு; ரேஷன் கார்டு","Apply through nearby government hospital or primary health centre.","அருகிலுள்ள அரசு மருத்துவமனை அல்லது முதன்மை சுகாதார மையத்தில் விண்ணப்பிக்கலாம்.","https://www.tn.gov.in"
12,Moovalur Ramamirtham Ammaiyar Higher Education Scheme,மூவலூர் ராமாமிர்தம் அம்மையார் உயர்கல்வி திட்டம்,Education,"The Moovalur Ramamirtham Ammaiyar Scheme provides financial assistance to girls from economically weaker families to pursue higher education.","இந்த திட்டம் பொருளாதார ரீதியாக பின்தங்கிய குடும்பங்களை சேர்ந்த பெண்களுக்கு உயர்கல்வி தொடர நிதி உதவி வழங்குகிறது.","Girls from economically weaker families studying in higher education institutions.","பொருளாதார ரீதியாக பின்தங்கிய குடும்பங்களை சேர்ந்த உயர்கல்வி பயிலும் மாணவிகள்.","Aadhaar Card; Education certificates; Bank passbook","ஆதார் அட்டை; கல்வி சான்றிதழ்கள்; வங்கி கணக்கு","Apply through college administration or online government portal.","கல்லூரி நிர்வாகம் அல்லது அரசு இணையதளம் மூலம் விண்ணப்பிக்கலாம்.","https://www.tn.gov.in"
13,Marriage Assistance Scheme for Poor Women,திருமண உதவி திட்டம்,Women Welfare,"Tamil Nadu offers financial assistance schemes to support the marriage expenses of women from economically disadvantaged families.","பொருளாதார ரீதியாக பின்தங்கிய பெண்களின் திருமண செலவுகளுக்கு நிதி உதவி வழங்க இந்த திட்டம் செயல்படுகிறது.","Women from economically weaker families meeting age and income criteria.","வருமான வரம்புக்குள் உள்ள பெண்கள் மற்றும் தகுதி வயது பூர்த்தி செய்தவர்கள்.","Aadhaar Card; Income certificate; Age proof; Marriage invitation","ஆதார் அட்டை; வருமான சான்று; வயது சான்று; திருமண அழைப்பிதழ்","Apply through Social Welfare Department offices.","சமூக நலத்துறை அலுவலகத்தில் விண்ணப்பிக்கலாம்.","https://www.tn.gov.in"
14,Old Age Pension Scheme,மூத்த குடிமக்கள் ஓய்வூதிய திட்டம்,Social Security,"The Old Age Pension Scheme provides monthly financial assistance to senior citizens who do not have a stable source of income.","இந்த திட்டம் வருமானம் இல்லாத மூத்த குடிமக்களுக்கு மாதாந்திர ஓய்வூதியம் வழங்குகிறது.","Senior citizens above eligible age without stable income.","வருமானம் இல்லாத தகுதி வயதுக்கு மேற்பட்ட மூத்த குடிமக்கள்.","Aadhaar Card; Age proof; Income certificate","ஆதார் அட்டை; வயது சான்று; வருமான சான்று","Apply through local revenue office or e-Sevai centre.","வருவாய் அலுவலகம் அல்லது இ-சேவை மையம் மூலம் விண்ணப்பிக்கலாம்.","https://www.tn.gov.in"
15,Differently Abled Pension Scheme,மாற்றுத்திறனாளி ஓய்வூதிய திட்டம்,Social Security,"This pension scheme provides financial support to persons with disabilities to help meet their basic living expenses.","இந்த ஓய்வூதிய திட்டம் மாற்றுத்திறனாளிகளுக்கு வாழ்வாதார செலவுகளுக்கான நிதி உதவி வழங்குகிறது.","Persons with certified disability and low income.","மாற்றுத்திறன் சான்று பெற்ற மற்றும் குறைந்த வருமானம் கொண்டவர்கள்.","Disability certificate; Aadhaar Card; Income certificate","மாற்றுத்திறன் சான்றிதழ்; ஆதார் அட்டை; வருமான சான்று","Apply through district social welfare office.","மாவட்ட சமூக நலத்துறை அலுவலகம் மூலம் விண்ணப்பிக்கலாம்.","https://www.tn.gov.in"
16,Farmer Crop Insurance Scheme,விவசாய பயிர் காப்பீட்டு திட்டம்,Agriculture,"The scheme provides crop insurance coverage to farmers to protect them against crop losses caused by natural disasters.","இந்த திட்டம் இயற்கை பேரழிவால் பயிர் சேதம் ஏற்பட்டால் விவசாயிகளுக்கு காப்பீட்டு பாதுகாப்பு வழங்குகிறது.","Registered farmers cultivating eligible crops.","பதிவு செய்யப்பட்ட விவசாயிகள்.","Land records; Aadhaar Card; Bank passbook","நில ஆவணங்கள்; ஆதார் அட்டை; வங்கி கணக்கு","Apply through agriculture department or insurance portal.","வேளாண் துறை அல்லது காப்பீட்டு இணையதளம் மூலம் விண்ணப்பிக்கலாம்.","https://www.tn.gov.in"
17,Tamil Nadu Skill Development Mission,தமிழ்நாடு திறன் மேம்பாட்டு மிஷன்,Skill Development,"The Tamil Nadu Skill Development Mission offers training programs to improve the employability of youth in various sectors.","தமிழ்நாடு திறன் மேம்பாட்டு மிஷன் இளைஞர்களுக்கு தொழில் திறன் பயிற்சிகளை வழங்குகிறது.","Youth seeking skill training and employment opportunities.","வேலைவாய்ப்பு தேடும் இளைஞர்கள்.","Aadhaar Card; Education certificate","ஆதார் அட்டை; கல்வி சான்றிதழ்","Register through official training centres or online portal.","பயிற்சி மையங்கள் அல்லது இணையதளம் மூலம் பதிவு செய்யலாம்.","https://www.tnskill.tn.gov.in"
18,Free Laptop Scheme for Students,மாணவர்களுக்கு இலவச மடிக்கணினி திட்டம்,Education,"The Free Laptop Scheme distributes laptops to eligible students studying in government and government-aided schools to promote digital learning.","இந்த திட்டம் அரசு மற்றும் அரசு உதவி பள்ளிகளில் படிக்கும் மாணவர்களுக்கு இலவச மடிக்கணினிகளை வழங்குகிறது.","Students studying in government or government-aided schools.","அரசு மற்றும் அரசு உதவி பள்ளி மாணவர்கள்.","Student ID; School records","மாணவர் அடையாள அட்டை; பள்ளி பதிவு","Distributed through school administration.","பள்ளி நிர்வாகம் மூலம் வழங்கப்படுகிறது.","https://www.tn.gov.in"
19,Amma Unavagam Scheme,அம்மா உணவகம் திட்டம்,Food Security,"Amma Unavagam provides subsidized food to the public through canteens established by the Tamil Nadu government.","அம்மா உணவகம் திட்டம் பொதுமக்களுக்கு குறைந்த விலையில் உணவு வழங்கும் அரசுத் திட்டமாகும்.","Open to all citizens.","அனைத்து பொதுமக்களுக்கும் கிடைக்கும்.","No documents required","ஆவணங்கள் தேவையில்லை","Food available directly at Amma Unavagam centres.","அம்மா உணவக மையங்களில் நேரடியாக பெறலாம்.","https://www.tn.gov.in"
20,Chief Minister Solar Powered Green House Scheme,முதல்வர் சோலார் பசுமை வீடு திட்டம்,Housing,"This scheme provides solar powered houses to economically weaker families in rural areas to improve housing and promote renewable energy.","இந்த திட்டம் கிராமப்புற ஏழை குடும்பங்களுக்கு சோலார் மின்சாரம் கொண்ட வீடுகளை வழங்குகிறது.","Rural families belonging to economically weaker sections.","பொருளாதார ரீதியாக பின்தங்கிய கிராமப்புற குடும்பங்கள்.","Aadhaar Card; Income certificate; Land documents","ஆதார் அட்டை; வருமான சான்று; நில ஆவணங்கள்","Apply through rural development department.","கிராம வளர்ச்சி துறை மூலம் விண்ணப்பிக்கலாம்.","https://www.tn.gov.in"
21,Tamil Nadu Amma Baby Care Kit Scheme,அம்மா குழந்தை பராமரிப்பு கிட் திட்டம்,Health,"The Amma Baby Care Kit Scheme provides a free kit containing essential items for newborn care to mothers delivering in government hospitals. The objective is to promote institutional deliveries and ensure proper care and hygiene for newborn babies.","அம்மா குழந்தை பராமரிப்பு கிட் திட்டம் அரசு மருத்துவமனைகளில் பிரசவிக்கும் தாய்மார்களுக்கு புதிதாக பிறக்கும் குழந்தைகளுக்கான அத்தியாவசிய பொருட்கள் அடங்கிய கிட் வழங்குகிறது. இது மருத்துவமனைப் பிரசவத்தை ஊக்குவித்து குழந்தைகளின் சுகாதாரத்தை பாதுகாக்க உதவுகிறது.","Pregnant women delivering in government hospitals in Tamil Nadu.","தமிழ்நாடு அரசு மருத்துவமனைகளில் பிரசவிக்கும் கர்ப்பிணிப் பெண்கள்.","Aadhaar Card; Pregnancy medical records; Hospital delivery record","ஆதார் அட்டை; கர்ப்ப பரிசோதனை பதிவுகள்; மருத்துவமனை பிரசவ பதிவு","Provided automatically after delivery in government hospitals.","அரசு மருத்துவமனையில் பிரசவித்த பிறகு தானாக வழங்கப்படும்.","https://www.tn.gov.in"
22,Amma Pharmacy Scheme,அம்மா மருந்தகம் திட்டம்,Health,"Amma Pharmacy Scheme provides quality generic medicines to the public at affordable prices through government-run pharmacies across Tamil Nadu. The scheme aims to reduce healthcare expenses for common people.","அம்மா மருந்தகம் திட்டம் பொதுமக்களுக்கு தரமான பொதுப் பெயர் மருந்துகளை குறைந்த விலையில் வழங்க அரசு நடத்தும் மருந்தகங்களின் மூலம் செயல்படுகிறது. இது மருத்துவச் செலவுகளை குறைக்க உதவுகிறது.","All citizens can purchase medicines from Amma Pharmacies.","அனைத்து பொதுமக்களும் அம்மா மருந்தகங்களில் மருந்துகளை வாங்கலாம்.","Doctor prescription; Valid ID (optional)","மருத்துவர் பரிந்துரை; அடையாள அட்டை","Visit the nearest Amma Pharmacy outlet to purchase medicines.","அருகிலுள்ள அம்மா மருந்தகத்தில் நேரடியாக பெறலாம்.","https://www.tn.gov.in"
23,Amma Salt Scheme,அம்மா உப்பு திட்டம்,Food Security,"The Amma Salt Scheme distributes iodized salt at subsidized prices through fair price shops to ensure affordable nutrition and prevent iodine deficiency among the public.","அம்மா உப்பு திட்டம் பொதுமக்களுக்கு குறைந்த விலையில் ஐயோடைஸ் செய்யப்பட்ட உப்பை வழங்கும் திட்டமாகும். இது ஊட்டச்சத்து குறைபாடுகளைத் தடுக்க உதவுகிறது.","Families possessing ration cards in Tamil Nadu.","தமிழ்நாடு ரேஷன் கார்டு கொண்ட குடும்பங்கள்.","Ration Card","ரேஷன் கார்டு","Available through Public Distribution System ration shops.","பொதுவினியோக ரேஷன் கடைகளில் கிடைக்கும்.","https://www.tn.gov.in"
24,Amma Cement Scheme,அம்மா சிமெண்டு திட்டம்,Housing,"The Amma Cement Scheme supplies cement at subsidized rates to economically weaker families for house construction and improvement. The initiative supports affordable housing development.","அம்மா சிமெண்டு திட்டம் வீடு கட்டும் அல்லது பழுது பார்க்கும் பொருளாதார ரீதியாக பின்தங்கிய குடும்பங்களுக்கு குறைந்த விலையில் சிமெண்டு வழங்குகிறது.","Low-income families constructing or renovating houses.","வீடு கட்டும் அல்லது பழுது பார்க்கும் குறைந்த வருமானக் குடும்பங்கள்.","Aadhaar Card; Income certificate; House construction proof","ஆதார் அட்டை; வருமான சான்று; வீட்டு கட்டுமான ஆவணம்","Apply through district collector office or authorized dealers.","மாவட்ட ஆட்சியர் அலுவலகம் அல்லது அங்கீகரிக்கப்பட்ட மையங்கள் மூலம் விண்ணப்பிக்கலாம்.","https://www.tn.gov.in"
25,Amma Drinking Water Scheme,அம்மா குடிநீர் திட்டம்,Public Welfare,"Amma Drinking Water Scheme provides packaged drinking water bottles at subsidized prices to ensure access to safe drinking water for the public.","அம்மா குடிநீர் திட்டம் பொதுமக்களுக்கு பாதுகாப்பான குடிநீரை குறைந்த விலையில் வழங்கும் திட்டமாகும்.","Available to all citizens.","அனைத்து பொதுமக்களுக்கும் கிடைக்கும்.","No documents required","ஆவணங்கள் தேவையில்லை","Available through authorized Amma water distribution centres.","அங்கீகரிக்கப்பட்ட அம்மா குடிநீர் மையங்களில் கிடைக்கும்.","https://www.tn.gov.in"
26,Tamil Nadu Urban Livelihoods Mission,தமிழ்நாடு நகர வாழ்வாதார மிஷன்,Urban Development,"The Tamil Nadu Urban Livelihoods Mission aims to improve livelihood opportunities for the urban poor through skill development, self-employment support, and financial inclusion.","தமிழ்நாடு நகர வாழ்வாதார மிஷன் நகர்ப்புற ஏழை மக்களுக்கு திறன் மேம்பாடு மற்றும் சுயதொழில் வாய்ப்புகளை வழங்கி வாழ்வாதாரத்தை மேம்படுத்தும் நோக்கில் செயல்படுகிறது.","Urban poor households and self-help groups.","நகர்ப்புற ஏழை குடும்பங்கள் மற்றும் சுயஉதவி குழுக்கள்.","Aadhaar Card; Income certificate; Address proof","ஆதார் அட்டை; வருமான சான்று; முகவரி சான்று","Apply through municipal offices or livelihood mission centres.","மாநகராட்சி அலுவலகம் அல்லது மிஷன் மையங்கள் மூலம் விண்ணப்பிக்கலாம்.","https://www.tn.gov.in"
27,Tamil Nadu Rural Livelihoods Mission,தமிழ்நாடு கிராம வாழ்வாதார மிஷன்,Rural Development,"The Tamil Nadu Rural Livelihoods Mission works to enhance livelihood opportunities for rural households by promoting self-help groups, skill training, and financial support.","தமிழ்நாடு கிராம வாழ்வாதார மிஷன் கிராமப்புற மக்களின் வாழ்வாதாரத்தை மேம்படுத்த சுயஉதவி குழுக்கள் மற்றும் திறன் பயிற்சிகளை ஊக்குவிக்கிறது.","Rural households and women self-help groups.","கிராமப்புற குடும்பங்கள் மற்றும் பெண்கள் சுயஉதவி குழுக்கள்.","Aadhaar Card; SHG membership records","ஆதார் அட்டை; சுயஉதவி குழு பதிவு","Apply through rural development offices or SHG coordinators.","கிராம வளர்ச்சி அலுவலகம் அல்லது குழு ஒருங்கிணைப்பாளர் மூலம் விண்ணப்பிக்கலாம்.","https://www.tn.gov.in"
28,Chief Minister Solar Pump Set Scheme,முதல்வர் சோலார் பம்ப் செட் திட்டம்,Agriculture,"The Solar Pump Set Scheme supports farmers by providing solar-powered pump sets for irrigation. The initiative promotes renewable energy and reduces electricity costs for farmers.","சோலார் பம்ப் செட் திட்டம் விவசாயிகளுக்கு சோலார் மின்சாரத்தால் இயங்கும் பம்ப் செட்களை வழங்குகிறது. இது மின்சார செலவை குறைத்து பசுமை ஆற்றலை ஊக்குவிக்கிறது.","Farmers owning agricultural land in Tamil Nadu.","தமிழ்நாடு விவசாய நிலம் கொண்ட விவசாயிகள்.","Land documents; Aadhaar Card; Farmer registration","நில ஆவணங்கள்; ஆதார் அட்டை; விவசாயி பதிவு","Apply through agriculture department office.","வேளாண் துறை அலுவலகத்தில் விண்ணப்பிக்கலாம்.","https://www.tn.gov.in"
29,Tamil Nadu Free Sewing Machine Scheme,இலவச தையல் இயந்திர திட்டம்,Women Empowerment,"This scheme provides free sewing machines to economically weaker women to encourage self-employment and improve their livelihood opportunities.","இந்த திட்டம் பொருளாதார ரீதியாக பின்தங்கிய பெண்களுக்கு இலவச தையல் இயந்திரங்களை வழங்கி சுயதொழிலை ஊக்குவிக்கிறது.","Economically weaker women interested in tailoring.","தையல் தொழில் செய்ய விரும்பும் பொருளாதார ரீதியாக பின்தங்கிய பெண்கள்.","Aadhaar Card; Income certificate","ஆதார் அட்டை; வருமான சான்று","Apply through social welfare department.","சமூக நலத்துறை மூலம் விண்ணப்பிக்கலாம்.","https://www.tn.gov.in"
30,Chief Minister Free Rice Scheme,முதல்வர் இலவச அரிசி திட்டம்,Food Security,"The Free Rice Scheme distributes rice free of cost through the Public Distribution System to ensure food security for low-income families.","முதல்வர் இலவச அரிசி திட்டம் பொதுவினியோக அமைப்பின் மூலம் ஏழை குடும்பங்களுக்கு இலவச அரிசி வழங்குகிறது.","Families holding eligible ration cards.","தகுதி உள்ள ரேஷன் கார்டு கொண்ட குடும்பங்கள்.","Ration Card","ரேஷன் கார்டு","Available through Public Distribution System ration shops.","பொதுவினியோக ரேஷன் கடைகளில் கிடைக்கும்.","https://www.tn.gov.in"
31,Tamil Nadu Chief Minister Farmers Security Scheme,விவசாயிகள் பாதுகாப்பு திட்டம்,Agriculture,"The Farmers Security Scheme provides financial security and social benefits to farmers and agricultural laborers in Tamil Nadu.","இந்த திட்டம் விவசாயிகள் மற்றும் வேளாண் தொழிலாளர்களுக்கு சமூக பாதுகாப்பு மற்றும் நிதி உதவிகளை வழங்குகிறது.","Registered farmers and agricultural labourers in Tamil Nadu.","தமிழ்நாட்டில் பதிவு செய்யப்பட்ட விவசாயிகள் மற்றும் வேளாண் தொழிலாளர்கள்.","Aadhaar Card; Farmer registration; Bank passbook","ஆதார் அட்டை; விவசாயி பதிவு; வங்கி கணக்கு","Apply through agriculture department office or local revenue office.","வேளாண் துறை அலுவலகம் அல்லது வருவாய் அலுவலகம் மூலம் விண்ணப்பிக்கலாம்.","https://www.tn.gov.in"
32,Free Goat Distribution Scheme,இலவச ஆடு வழங்கும் திட்டம்,Agriculture,"The Free Goat Distribution Scheme supports rural families by providing goats to improve income through livestock rearing.","இலவச ஆடு வழங்கும் திட்டம் கிராமப்புற குடும்பங்களுக்கு ஆடுகளை வழங்கி கால்நடை வளர்ப்பின் மூலம் வருமானத்தை அதிகரிக்க உதவுகிறது.","Rural families below poverty line interested in livestock farming.","கிராமப்புற ஏழை குடும்பங்கள் கால்நடை வளர்ப்பில் ஈடுபட விரும்புபவர்கள்.","Aadhaar Card; Income certificate; Ration card","ஆதார் அட்டை; வருமான சான்று; ரேஷன் கார்டு","Apply through animal husbandry department.","மாட்டுவளத் துறை அலுவலகம் மூலம் விண்ணப்பிக்கலாம்.","https://www.tn.gov.in"
33,Free Milch Cow Distribution Scheme,இலவச பால் மாடு வழங்கும் திட்டம்,Agriculture,"This scheme distributes milch cows to poor rural families to promote dairy farming and generate sustainable income.","இந்த திட்டம் ஏழை கிராமப்புற குடும்பங்களுக்கு பால் மாடுகளை வழங்கி பால் உற்பத்தி மூலம் வருமானத்தை அதிகரிக்க உதவுகிறது.","Rural poor families interested in dairy farming.","பால் உற்பத்தி தொழிலில் ஈடுபட விரும்பும் கிராமப்புற ஏழை குடும்பங்கள்.","Aadhaar Card; Income certificate; Address proof","ஆதார் அட்டை; வருமான சான்று; முகவரி சான்று","Apply through animal husbandry department office.","மாட்டுவளத் துறை அலுவலகத்தில் விண்ணப்பிக்கலாம்.","https://www.tn.gov.in"
34,Tamil Nadu Housing Board Affordable Housing Scheme,தமிழ்நாடு வீட்டு வாரியம் மலிவு வீட்டு திட்டம்,Housing,"The Tamil Nadu Housing Board Affordable Housing Scheme provides houses and flats at subsidized prices for middle-income and low-income families.","தமிழ்நாடு வீட்டு வாரியம் மலிவு வீட்டு திட்டம் குறைந்த மற்றும் நடுத்தர வருமானக் குடும்பங்களுக்கு மலிவு விலையில் வீடுகளை வழங்குகிறது.","Low and middle income families residing in Tamil Nadu.","தமிழ்நாட்டில் வசிக்கும் குறைந்த மற்றும் நடுத்தர வருமானக் குடும்பங்கள்.","Aadhaar Card; Income certificate; Address proof","ஆதார் அட்டை; வருமான சான்று; முகவரி சான்று","Apply through Tamil Nadu Housing Board portal or office.","தமிழ்நாடு வீட்டு வாரியம் அலுவலகம் அல்லது இணையதளம் மூலம் விண்ணப்பிக்கலாம்.","https://www.tnhb.tn.gov.in"
35,Chief Minister Green Tamil Nadu Mission,பசுமை தமிழ்நாடு மிஷன்,Environment,"The Green Tamil Nadu Mission focuses on increasing tree cover across the state to improve ecological balance and environmental sustainability.","பசுமை தமிழ்நாடு மிஷன் மாநிலம் முழுவதும் மரக்கன்றுகளை நடுவதன் மூலம் சுற்றுச்சூழல் சமநிலையை மேம்படுத்தும் நோக்கில் செயல்படுகிறது.","Government bodies, NGOs, institutions and citizens participating in tree plantation.","அரசு அமைப்புகள், சமூக அமைப்புகள் மற்றும் பொதுமக்கள்.","Project proposal; Institutional approval (if applicable)","திட்ட முன்மொழிவு; நிறுவனம் அனுமதி","Apply through forest department initiatives or programs.","வனத்துறை திட்டங்கள் மூலம் பங்கேற்கலாம்.","https://www.tn.gov.in"
36,Tamil Nadu Free Bicycle Scheme,மாணவர்களுக்கு இலவச சைக்கிள் திட்டம்,Education,"The Free Bicycle Scheme distributes bicycles to students studying in government and government-aided schools to improve access to education.","இந்த திட்டம் அரசு மற்றும் அரசு உதவி பள்ளிகளில் படிக்கும் மாணவர்களுக்கு இலவச சைக்கிள்களை வழங்குகிறது.","Students studying in government or government aided schools.","அரசு அல்லது அரசு உதவி பள்ளி மாணவர்கள்.","Student ID; School records","மாணவர் அடையாள அட்டை; பள்ளி பதிவு","Distributed through school administration.","பள்ளி நிர்வாகம் மூலம் வழங்கப்படுகிறது.","https://www.tn.gov.in"
37,Tamil Nadu Marriage Assistance Scheme for Widows' Daughters,விதவை மகள்களுக்கு திருமண உதவி திட்டம்,Women Welfare,"This scheme provides financial assistance to support the marriage expenses of daughters of widowed mothers.","இந்த திட்டம் விதவை பெண்களின் மகள்களின் திருமண செலவுகளுக்கு நிதி உதவி வழங்குகிறது.","Daughters of widowed mothers belonging to eligible income groups.","தகுதி வருமானம் கொண்ட விதவை பெண்களின் மகள்கள்.","Aadhaar Card; Widow certificate; Income certificate; Marriage invitation","ஆதார் அட்டை; விதவை சான்று; வருமான சான்று; திருமண அழைப்பிதழ்","Apply through social welfare department.","சமூக நலத்துறை அலுவலகம் மூலம் விண்ணப்பிக்கலாம்.","https://www.tn.gov.in"
38,Chief Minister Youth Employment Scheme,இளைஞர் வேலைவாய்ப்பு திட்டம்,Employment,"The Youth Employment Scheme supports unemployed youth through training, employment assistance, and self-employment opportunities.","இளைஞர் வேலைவாய்ப்பு திட்டம் வேலை இல்லாத இளைஞர்களுக்கு பயிற்சி மற்றும் வேலைவாய்ப்பு உதவிகளை வழங்குகிறது.","Unemployed youth seeking job or skill training.","வேலை இல்லாத இளைஞர்கள்.","Aadhaar Card; Education certificate","ஆதார் அட்டை; கல்வி சான்றிதழ்","Register through employment office or online portal.","வேலைவாய்ப்பு அலுவலகம் அல்லது இணையதளம் மூலம் பதிவு செய்யலாம்.","https://www.tn.gov.in"
39,Tamil Nadu Free School Uniform Scheme,இலவச பள்ளி சீருடை திட்டம்,Education,"The Free School Uniform Scheme provides free uniforms to students studying in government schools to support education for children from low-income families.","இலவச பள்ளி சீருடை திட்டம் அரசு பள்ளிகளில் படிக்கும் மாணவர்களுக்கு இலவச சீருடைகளை வழங்குகிறது.","Students studying in government schools.","அரசு பள்ளி மாணவர்கள்.","Student ID; School records","மாணவர் அடையாள அட்டை; பள்ளி பதிவு","Uniforms distributed through school administration.","பள்ளி நிர்வாகம் மூலம் வழங்கப்படுகிறது.","https://www.tn.gov.in"
40,Chief Minister Rainwater Harvesting Promotion Scheme,மழைநீர் சேகரிப்பு ஊக்குவிப்பு திட்டம்,Environment,"This scheme promotes rainwater harvesting structures in homes and institutions to conserve water and improve groundwater levels.","இந்த திட்டம் வீடுகள் மற்றும் நிறுவனங்களில் மழைநீர் சேகரிப்பு அமைப்புகளை உருவாக்க ஊக்குவித்து நீர்வளத்தை பாதுகாக்க உதவுகிறது.","House owners, institutions and organizations implementing rainwater harvesting.","மழைநீர் சேகரிப்பு அமைப்பு அமைக்கும் வீட்டு உரிமையாளர்கள் மற்றும் நிறுவனங்கள்.","Property documents; ID proof","சொத்து ஆவணங்கள்; அடையாள அட்டை","Apply through local municipal or panchayat office.","மாநகராட்சி அல்லது பஞ்சாயத்து அலுவலகத்தில் விண்ணப்பிக்கலாம்.","https://www.tn.gov.in"
41,Tamil Nadu Free Textbook Scheme,இலவச பாடப்புத்தக திட்டம்,Education,"The Free Textbook Scheme provides textbooks at no cost to students studying in government and government-aided schools.","இலவச பாடப்புத்தக திட்டம் அரசு மற்றும் அரசு உதவி பள்ளிகளில் படிக்கும் மாணவர்களுக்கு இலவசமாக பாடப்புத்தகங்களை வழங்குகிறது.","Students studying in government and government aided schools.","அரசு மற்றும் அரசு உதவி பள்ளிகளில் படிக்கும் மாணவர்கள்.","Student ID; School records","மாணவர் அடையாள அட்டை; பள்ளி பதிவு","Textbooks distributed through school administration.","பள்ளி நிர்வாகம் மூலம் வழங்கப்படுகிறது.","https://www.tn.gov.in"
42,Tamil Nadu Noon Meal Scheme,மத்தியான உணவு திட்டம்,Education,"The Noon Meal Scheme provides free nutritious lunch to students in government schools.","மத்தியான உணவு திட்டம் அரசு பள்ளி மாணவர்களுக்கு இலவச ஊட்டச்சத்து உணவை வழங்குகிறது.","Students studying in government schools.","அரசு பள்ளி மாணவர்கள்.","Student ID; School enrollment record","மாணவர் அடையாள அட்டை; பள்ளி பதிவு","Provided automatically through schools.","பள்ளிகள் மூலம் தானாக வழங்கப்படுகிறது.","https://www.tn.gov.in"
43,Tamil Nadu Free Footwear Scheme,இலவச காலணி திட்டம்,Education,"Under this scheme free footwear is distributed to students studying in government schools.","இந்த திட்டத்தின் கீழ் அரசு பள்ளிகளில் படிக்கும் மாணவர்களுக்கு இலவச காலணிகள் வழங்கப்படுகின்றன.","Students studying in government schools.","அரசு பள்ளி மாணவர்கள்.","Student ID; School records","மாணவர் அடையாள அட்டை; பள்ளி பதிவு","Distributed through schools.","பள்ளிகள் மூலம் வழங்கப்படுகிறது.","https://www.tn.gov.in"
44,Chief Minister Agriculture Mechanization Scheme,விவசாய இயந்திரமயமாக்கல் திட்டம்,Agriculture,"This scheme promotes the use of modern agricultural machinery by providing subsidies to farmers.","இந்த திட்டம் விவசாயிகளுக்கு விவசாய இயந்திரங்கள் வாங்க மானியம் வழங்குகிறது.","Registered farmers in Tamil Nadu.","தமிழ்நாட்டில் பதிவு செய்யப்பட்ட விவசாயிகள்.","Aadhaar Card; Farmer ID; Bank passbook","ஆதார் அட்டை; விவசாயி பதிவு; வங்கி கணக்கு","Apply through agriculture department office.","வேளாண் துறை அலுவலகம் மூலம் விண்ணப்பிக்கலாம்.","https://www.tn.gov.in"
45,Tamil Nadu Drip Irrigation Scheme,டிரிப் நீர்ப்பாசன திட்டம்,Agriculture,"The Drip Irrigation Scheme provides subsidies to farmers for installing drip irrigation systems.","டிரிப் நீர்ப்பாசன திட்டம் விவசாயிகளுக்கு டிரிப் நீர்ப்பாசன அமைப்புகளுக்கு மானியம் வழங்குகிறது.","Farmers owning agricultural land.","விவசாய நிலம் கொண்ட விவசாயிகள்.","Aadhaar Card; Land documents; Farmer registration","ஆதார் அட்டை; நில ஆவணங்கள்; விவசாயி பதிவு","Apply through agriculture or horticulture department.","வேளாண் அல்லது தோட்டக்கலை துறை மூலம் விண்ணப்பிக்கலாம்.","https://www.tn.gov.in"
46,Tamil Nadu Micro Irrigation Scheme,சிறு நீர்ப்பாசன திட்டம்,Agriculture,"This scheme promotes sprinkler and drip irrigation systems with government subsidy.","இந்த திட்டம் ஸ்பிரிங்க்ளர் மற்றும் டிரிப் அமைப்புகளுக்கு மானியம் வழங்குகிறது.","Farmers owning cultivable land.","பயிரிடும் நிலம் கொண்ட விவசாயிகள்.","Aadhaar Card; Land documents; Bank passbook","ஆதார் அட்டை; நில ஆவணங்கள்; வங்கி கணக்கு","Apply through agriculture department.","வேளாண் துறை மூலம் விண்ணப்பிக்கலாம்.","https://www.tn.gov.in"
47,Tamil Nadu Fishermen Welfare Scheme,மீனவர் நலத்திட்டம்,Fisheries,"The Fishermen Welfare Scheme provides financial assistance and welfare benefits to fishermen families.","மீனவர் நலத்திட்டம் மீனவர் குடும்பங்களுக்கு நிதி உதவி மற்றும் நலன்களை வழங்குகிறது.","Registered fishermen and their families.","பதிவு செய்யப்பட்ட மீனவர்கள் மற்றும் அவர்களின் குடும்பங்கள்.","Aadhaar Card; Fishermen ID card","ஆதார் அட்டை; மீனவர் அடையாள அட்டை","Apply through fisheries department.","மீன்வளத்துறை அலுவலகத்தில் விண்ணப்பிக்கலாம்.","https://www.tn.gov.in"
48,Tamil Nadu Fishermen Housing Scheme,மீனவர் வீட்டு திட்டம்,Housing,"This scheme provides housing support for fishermen communities living in coastal areas.","இந்த திட்டம் கடலோர பகுதிகளில் வசிக்கும் மீனவர் குடும்பங்களுக்கு வீடுகள் வழங்குகிறது.","Fishermen families living in coastal regions.","கடலோர பகுதிகளில் வாழும் மீனவர் குடும்பங்கள்.","Aadhaar Card; Income certificate; Address proof","ஆதார் அட்டை; வருமான சான்று; முகவரி சான்று","Apply through fisheries or housing department.","மீன்வளத்துறை அல்லது வீட்டு வாரியம் மூலம் விண்ணப்பிக்கலாம்.","https://www.tn.gov.in"
49,Tamil Nadu Free Power Supply Scheme for Farmers,விவசாயிகளுக்கு இலவச மின்சாரம் திட்டம்,Agriculture,"The Free Power Supply Scheme provides free electricity for agricultural pump sets.","இந்த திட்டம் விவசாய பம்ப் செட்களுக்கு இலவச மின்சாரம் வழங்குகிறது.","Farmers owning agricultural pump sets.","பம்ப் செட் கொண்ட விவசாயிகள்.","Aadhaar Card; Land documents; Electricity connection proof","ஆதார் அட்டை; நில ஆவணங்கள்; மின்சார இணைப்பு சான்று","Apply through electricity board office.","மின்சார வாரியம் அலுவலகம் மூலம் விண்ணப்பிக்கலாம்.","https://www.tangedco.gov.in"
50,Tamil Nadu Uzhavar Sandhai Scheme,உழவர் சந்தை திட்டம்,Agriculture,"The Uzhavar Sandhai Scheme allows farmers to sell agricultural produce directly to consumers.","உழவர் சந்தை திட்டம் விவசாயிகள் தங்கள் விளைபொருட்களை நேரடியாக மக்களுக்கு விற்பனை செய்ய உதவுகிறது.","Farmers registered with agriculture department.","வேளாண் துறையில் பதிவு செய்யப்பட்ட விவசாயிகள்.","Farmer ID; Aadhaar Card","விவசாயி அடையாள அட்டை; ஆதார் அட்டை","Register through agriculture marketing department.","வேளாண் சந்தைத் துறை மூலம் பதிவு செய்யலாம்.","https://www.tn.gov.in"
51,Tamil Nadu Green House Cultivation Scheme,பசுமை வீடு விவசாய திட்டம்,Agriculture,"This scheme encourages greenhouse cultivation with government subsidy.","இந்த திட்டம் பசுமை வீடு விவசாயத்திற்கு அரசு மானியம் வழங்குகிறது.","Farmers interested in protected cultivation.","பசுமை வீடு விவசாயத்தில் ஈடுபடும் விவசாயிகள்.","Aadhaar Card; Land documents","ஆதார் அட்டை; நில ஆவணங்கள்","Apply through horticulture department.","தோட்டக்கலை துறை மூலம் விண்ணப்பிக்கலாம்.","https://www.tn.gov.in"
52,Tamil Nadu Organic Farming Promotion Scheme,செயற்கை உரமில்லா விவசாய ஊக்குவிப்பு திட்டம்,Agriculture,"The scheme promotes organic farming practices among farmers.","இந்த திட்டம் இயற்கை விவசாய முறைகளை ஊக்குவிக்கிறது.","Farmers interested in organic farming.","இயற்கை விவசாயம் செய்ய விரும்பும் விவசாயிகள்.","Aadhaar Card; Farmer registration","ஆதார் அட்டை; விவசாயி பதிவு","Apply through agriculture department.","வேளாண் துறை மூலம் விண்ணப்பிக்கலாம்.","https://www.tn.gov.in"
53,Tamil Nadu Women Self Help Group Support Scheme,பெண்கள் சுயஉதவி குழு ஆதரவு திட்டம்,Women Empowerment,"The scheme supports women self help groups through financial assistance and training.","இந்த திட்டம் பெண்கள் சுயஉதவி குழுக்களுக்கு நிதி உதவி மற்றும் பயிற்சி வழங்குகிறது.","Registered women self help groups.","பதிவு செய்யப்பட்ட பெண்கள் சுயஉதவி குழுக்கள்.","SHG registration; Aadhaar Card","சுயஉதவி குழு பதிவு; ஆதார் அட்டை","Apply through rural development department.","கிராம வளர்ச்சி துறை மூலம் விண்ணப்பிக்கலாம்.","https://www.tn.gov.in"
54,Tamil Nadu Working Women Hostel Scheme,வேலை செய்யும் பெண்கள் விடுதி திட்டம்,Women Welfare,"The scheme provides safe hostel accommodation for working women.","இந்த திட்டம் வேலை செய்யும் பெண்களுக்கு பாதுகாப்பான விடுதி வசதி வழங்குகிறது.","Working women in urban areas.","நகரங்களில் வேலை செய்யும் பெண்கள்.","Aadhaar Card; Employment proof","ஆதார் அட்டை; வேலை சான்று","Apply through social welfare department.","சமூக நலத்துறை மூலம் விண்ணப்பிக்கலாம்.","https://www.tn.gov.in"
55,Tamil Nadu Nutrition Program for Adolescent Girls,இளம்பெண்கள் ஊட்டச்சத்து திட்டம்,Health,"This program provides nutrition and health awareness for adolescent girls.","இந்த திட்டம் இளம்பெண்களுக்கு ஊட்டச்சத்து மற்றும் சுகாதார விழிப்புணர்வு வழங்குகிறது.","Adolescent girls in government schools or communities.","இளம்பெண்கள்.","Aadhaar Card; School record","ஆதார் அட்டை; பள்ளி பதிவு","Implemented through health and ICDS centers.","சுகாதார மையங்கள் மூலம் செயல்படுத்தப்படுகிறது.","https://www.tn.gov.in"
56,Tamil Nadu Differently Abled Skill Training Scheme,மாற்றுத்திறனாளி திறன் பயிற்சி திட்டம்,Skill Development,"This scheme provides skill training for persons with disabilities.","இந்த திட்டம் மாற்றுத்திறனாளிகளுக்கு திறன் பயிற்சி வழங்குகிறது.","Persons with disabilities.","மாற்றுத்திறனாளிகள்.","Disability certificate; Aadhaar Card","மாற்றுத்திறனாளர் சான்று; ஆதார் அட்டை","Apply through welfare department.","நலத்துறை மூலம் விண்ணப்பிக்கலாம்.","https://www.tn.gov.in"
57,Tamil Nadu Senior Citizens Welfare Scheme,மூத்த குடிமக்கள் நலத்திட்டம்,Social Welfare,"The scheme provides welfare benefits and assistance for senior citizens.","இந்த திட்டம் மூத்த குடிமக்களுக்கு நல உதவிகளை வழங்குகிறது.","Senior citizens aged 60 and above.","60 வயதுக்கு மேற்பட்டவர்கள்.","Aadhaar Card; Age proof","ஆதார் அட்டை; வயது சான்று","Apply through social welfare office.","சமூக நல அலுவலகம் மூலம் விண்ணப்பிக்கலாம்.","https://www.tn.gov.in"
58,Tamil Nadu Youth Skill Training Scheme,இளைஞர் திறன் பயிற்சி திட்டம்,Skill Development,"The scheme offers vocational skill training for youth.","இந்த திட்டம் இளைஞர்களுக்கு தொழில் திறன் பயிற்சி வழங்குகிறது.","Unemployed youth.","வேலை இல்லாத இளைஞர்கள்.","Aadhaar Card; Education certificate","ஆதார் அட்டை; கல்வி சான்று","Register through skill development centers.","திறன் பயிற்சி மையங்கள் மூலம் பதிவு செய்யலாம்.","https://www.tn.gov.in"
59,Tamil Nadu Public Health Improvement Scheme,பொது சுகாதார மேம்பாட்டு திட்டம்,Health,"This scheme improves public healthcare services and infrastructure.","இந்த திட்டம் பொது சுகாதார சேவைகளை மேம்படுத்துகிறது.","Residents of Tamil Nadu.","தமிழ்நாடு மக்கள்.","Aadhaar Card","ஆதார் அட்டை","Implemented through government hospitals.","அரசு மருத்துவமனைகள் மூலம் செயல்படுத்தப்படுகிறது.","https://www.tn.gov.in"
60,Tamil Nadu Rural Road Development Scheme,கிராம சாலை மேம்பாட்டு திட்டம்,Infrastructure,"The scheme improves road connectivity in rural areas.","இந்த திட்டம் கிராமப்புறங்களில் சாலை வசதிகளை மேம்படுத்துகிறது.","Rural communities in Tamil Nadu.","தமிழ்நாடு கிராமப்புற மக்கள்.","Local government approval documents","உள்ளூர் நிர்வாக ஆவணங்கள்","Implemented through rural development department.","கிராம வளர்ச்சி துறை மூலம் செயல்படுத்தப்படுகிறது.","https://www.tn.gov.in"
61,Tamil Nadu Amma Master Health Checkup Scheme,அம்மா மாஸ்டர் சுகாதார பரிசோதனை திட்டம்,Health,"The Amma Master Health Checkup Scheme offers comprehensive health screening packages at subsidized rates in government hospitals.","அம்மா மாஸ்டர் சுகாதார பரிசோதனை திட்டம் அரசு மருத்துவமனைகளில் குறைந்த கட்டணத்தில் முழுமையான சுகாதார பரிசோதனைகளை வழங்குகிறது.","Residents of Tamil Nadu seeking preventive health checkups.","சுகாதார பரிசோதனை செய்ய விரும்பும் தமிழ்நாடு மக்கள்.","Aadhaar Card; Hospital registration slip","ஆதார் அட்டை; மருத்துவமனை பதிவு சீட்டு","Visit government hospital and register for health package.","அரசு மருத்துவமனையில் பதிவு செய்து பரிசோதனை பெறலாம்.","https://www.tn.gov.in"
62,Tamil Nadu Amma Mini Clinic Scheme,அம்மா மினி கிளினிக் திட்டம்,Health,"The Amma Mini Clinic Scheme provides basic healthcare services and free medicines through neighborhood clinics.","அம்மா மினி கிளினிக் திட்டம் பொதுமக்களுக்கு அடிப்படை சுகாதார சேவைகள் மற்றும் இலவச மருந்துகளை வழங்குகிறது.","Residents living near Amma mini clinics.","அம்மா மினி கிளினிக் அருகில் வசிக்கும் மக்கள்.","Aadhaar Card","ஆதார் அட்டை","Visit nearest Amma Mini Clinic.","அருகிலுள்ள அம்மா மினி கிளினிக்கில் சேவை பெறலாம்.","https://www.tn.gov.in"
63,Tamil Nadu School Bag Distribution Scheme,இலவச பள்ளிப்பை வழங்கும் திட்டம்,Education,"School bags are distributed free to students studying in government schools.","அரசு பள்ளிகளில் படிக்கும் மாணவர்களுக்கு இலவச பள்ளிப்பைகள் வழங்கப்படுகின்றன.","Students studying in government schools.","அரசு பள்ளி மாணவர்கள்.","Student ID; School records","மாணவர் அடையாள அட்டை; பள்ளி பதிவு","Distributed through school administration.","பள்ளி நிர்வாகம் மூலம் வழங்கப்படுகிறது.","https://www.tn.gov.in"
64,Tamil Nadu Free Bus Pass Scheme for Students,மாணவர்களுக்கு இலவச பேருந்து பாஸ் திட்டம்,Education,"Students can travel free or at subsidized rates on government buses.","மாணவர்கள் அரசு பேருந்துகளில் இலவசமாக அல்லது குறைந்த கட்டணத்தில் பயணம் செய்யலாம்.","School and college students.","பள்ளி மற்றும் கல்லூரி மாணவர்கள்.","Student ID; Bonafide certificate","மாணவர் அடையாள அட்டை; மாணவர் சான்று","Apply through school/college administration.","பள்ளி அல்லது கல்லூரி மூலம் விண்ணப்பிக்கலாம்.","https://www.tn.gov.in"
65,Tamil Nadu Amma Gym Scheme,அம்மா உடற்பயிற்சி கூட திட்டம்,Sports,"The scheme establishes fitness centers to promote healthy lifestyles.","இந்த திட்டம் உடல்நலத்தை மேம்படுத்த உடற்பயிற்சி கூடங்களை அமைக்கிறது.","General public interested in fitness.","உடற்பயிற்சி செய்ய விரும்பும் பொதுமக்கள்.","ID proof","அடையாள அட்டை","Visit local Amma Gym facility.","அருகிலுள்ள அம்மா ஜிம்மை பயன்படுத்தலாம்.","https://www.tn.gov.in"
66,Tamil Nadu Youth Welfare and Sports Development Scheme,இளைஞர் நலன் மற்றும் விளையாட்டு மேம்பாட்டு திட்டம்,Sports,"The scheme promotes sports infrastructure and training for youth.","இந்த திட்டம் இளைஞர்களுக்கு விளையாட்டு பயிற்சி மற்றும் வசதிகளை வழங்குகிறது.","Youth and aspiring athletes.","இளைஞர்கள் மற்றும் விளையாட்டு வீரர்கள்.","Aadhaar Card; Sports registration","ஆதார் அட்டை; விளையாட்டு பதிவு","Register through sports development authority.","விளையாட்டு மேம்பாட்டு ஆணையம் மூலம் பதிவு செய்யலாம்.","https://www.tn.gov.in"
67,Tamil Nadu Farmer Producer Organization Support Scheme,விவசாயிகள் உற்பத்தியாளர் அமைப்பு ஆதரவு திட்டம்,Agriculture,"The scheme supports formation of farmer producer organizations.","இந்த திட்டம் விவசாயிகள் உற்பத்தியாளர் அமைப்புகளை உருவாக்க உதவுகிறது.","Farmer groups interested in collective marketing.","ஒருங்கிணைந்த விவசாய குழுக்கள்.","Farmer ID; Aadhaar Card","விவசாயி அடையாள அட்டை; ஆதார் அட்டை","Apply through agriculture department.","வேளாண் துறை மூலம் விண்ணப்பிக்கலாம்.","https://www.tn.gov.in"
68,Tamil Nadu Farm Pond Scheme,பண்ணை குளம் அமைக்கும் திட்டம்,Agriculture,"Provides financial assistance to create water storage ponds in farms.","விவசாய நிலங்களில் நீர் சேமிப்பு குளங்கள் அமைக்க உதவி வழங்குகிறது.","Farmers owning agricultural land.","விவசாய நிலம் கொண்ட விவசாயிகள்.","Land documents; Aadhaar Card","நில ஆவணங்கள்; ஆதார் அட்டை","Apply through agriculture department.","வேளாண் துறை மூலம் விண்ணப்பிக்கலாம்.","https://www.tn.gov.in"
69,Tamil Nadu Coconut Development Scheme,தேங்காய் வளர்ச்சி திட்டம்,Agriculture,"Promotes coconut cultivation through subsidy and training.","தேங்காய் விவசாயத்தை ஊக்குவிக்க மானியம் மற்றும் பயிற்சி வழங்குகிறது.","Farmers cultivating coconut.","தேங்காய் விவசாயிகள்.","Land documents; Farmer ID","நில ஆவணங்கள்; விவசாயி பதிவு","Apply through horticulture department.","தோட்டக்கலை துறை மூலம் விண்ணப்பிக்கலாம்.","https://www.tn.gov.in"
70,Tamil Nadu Banana Development Scheme,வாழை வளர்ச்சி திட்டம்,Agriculture,"Encourages banana cultivation by providing planting materials.","வாழை விவசாயத்தை ஊக்குவிக்க நாற்றுகள் மற்றும் தொழில்நுட்ப உதவி வழங்குகிறது.","Farmers cultivating banana.","வாழை விவசாயிகள்.","Land documents; Aadhaar Card","நில ஆவணங்கள்; ஆதார் அட்டை","Apply through horticulture department.","தோட்டக்கலை துறை மூலம் விண்ணப்பிக்கலாம்.","https://www.tn.gov.in"
71,Tamil Nadu Sericulture Development Scheme,பட்டு வளர்ப்பு மேம்பாட்டு திட்டம்,Agriculture,"Supports farmers engaged in silk production.","பட்டு உற்பத்தி விவசாயிகளுக்கு உதவுகிறது.","Farmers involved in sericulture.","பட்டு வளர்ப்பு விவசாயிகள்.","Aadhaar Card; Farmer registration","ஆதார் அட்டை; விவசாயி பதிவு","Apply through sericulture department.","பட்டு வளர்ப்பு துறை மூலம் விண்ணப்பிக்கலாம்.","https://www.tn.gov.in"
72,Tamil Nadu Dairy Development Scheme,பால் உற்பத்தி மேம்பாட்டு திட்டம்,Agriculture,"Supports dairy farmers through improved infrastructure.","பால் உற்பத்தியை மேம்படுத்த உதவுகிறது.","Dairy farmers.","பால் விவசாயிகள்.","Aadhaar Card; Livestock records","ஆதார் அட்டை; கால்நடை பதிவு","Apply through animal husbandry department.","மாட்டுவளத் துறை மூலம் விண்ணப்பிக்கலாம்.","https://www.tn.gov.in"
73,Tamil Nadu Poultry Development Scheme,கோழி வளர்ப்பு மேம்பாட்டு திட்டம்,Agriculture,"Promotes poultry farming through support programs.","கோழி வளர்ப்பை ஊக்குவிக்கிறது.","Farmers interested in poultry farming.","கோழி வளர்ப்பில் ஈடுபடும் விவசாயிகள்.","Aadhaar Card; Farmer registration","ஆதார் அட்டை; விவசாயி பதிவு","Apply through animal husbandry department.","மாட்டுவளத் துறை மூலம் விண்ணப்பிக்கலாம்.","https://www.tn.gov.in"
74,Tamil Nadu Fish Seed Distribution Scheme,மீன் குஞ்சு வழங்கும் திட்டம்,Fisheries,"Provides fish seeds to fish farmers.","மீன் வளர்ப்பாளர்களுக்கு மீன் குஞ்சுகளை வழங்குகிறது.","Fish farmers.","மீன் வளர்ப்பாளர்கள்.","Aadhaar Card; Fisheries registration","ஆதார் அட்டை; மீன்வள பதிவு","Apply through fisheries department.","மீன்வளத்துறை மூலம் விண்ணப்பிக்கலாம்.","https://www.tn.gov.in"
75,Tamil Nadu Coastal Community Development Scheme,கடலோர சமூக மேம்பாட்டு திட்டம்,Fisheries,"Supports development of coastal fishing communities.","கடலோர மீனவர் சமூகங்களை மேம்படுத்துகிறது.","Residents of coastal fishing communities.","கடலோர பகுதிகளில் வாழும் மீனவர்கள்.","Aadhaar Card; Address proof","ஆதார் அட்டை; முகவரி சான்று","Apply through fisheries department.","மீன்வளத்துறை மூலம் விண்ணப்பிக்கலாம்.","https://www.tn.gov.in"
76,Tamil Nadu Urban Housing Scheme,நகர வீட்டு வசதி திட்டம்,Housing,"Provides affordable housing for low income families.","குறைந்த வருமானம் கொண்ட குடும்பங்களுக்கு வீடுகள் வழங்குகிறது.","Low income urban families.","நகரங்களில் வாழும் குறைந்த வருமான குடும்பங்கள்.","Income certificate; Aadhaar Card","வருமான சான்று; ஆதார் அட்டை","Apply through housing board.","வீட்டு வாரியம் மூலம் விண்ணப்பிக்கலாம்.","https://www.tn.gov.in"
77,Tamil Nadu Rural Housing Scheme,கிராம வீட்டு வசதி திட்டம்,Housing,"Provides housing assistance for rural families.","கிராமப்புற குடும்பங்களுக்கு வீட்டு உதவி வழங்குகிறது.","Economically weaker rural families.","கிராமப்புற ஏழை குடும்பங்கள்.","Income certificate; Aadhaar Card","வருமான சான்று; ஆதார் அட்டை","Apply through rural development department.","கிராம வளர்ச்சி துறை மூலம் விண்ணப்பிக்கலாம்.","https://www.tn.gov.in"
78,Tamil Nadu Women Entrepreneurship Development Scheme,பெண்கள் தொழில் முனைவோர் மேம்பாட்டு திட்டம்,Women Empowerment,"Supports women entrepreneurs through financial aid and training.","பெண்கள் தொழில் தொடங்க நிதி உதவி மற்றும் பயிற்சி வழங்குகிறது.","Women entrepreneurs.","பெண் தொழில் முனைவோர்.","Aadhaar Card; Business proposal","ஆதார் அட்டை; தொழில் திட்டம்","Apply through women development corporation.","பெண்கள் மேம்பாட்டு கழகம் மூலம் விண்ணப்பிக்கலாம்.","https://www.tn.gov.in"
79,Tamil Nadu Handloom Weavers Welfare Scheme,கைத்தறி நெசவாளர் நலத்திட்டம்,Social Welfare,"Provides welfare benefits to handloom weavers.","கைத்தறி நெசவாளர்களுக்கு நலன்கள் வழங்குகிறது.","Registered handloom weavers.","பதிவு செய்யப்பட்ட நெசவாளர்கள்.","Weaver ID; Aadhaar Card","நெசவாளர் அட்டை; ஆதார் அட்டை","Apply through handloom department.","கைத்தறி துறை மூலம் விண்ணப்பிக்கலாம்.","https://www.tn.gov.in"
80,Tamil Nadu Artisans Welfare Scheme,கைவினைஞர் நலத்திட்டம்,Social Welfare,"Supports traditional artisans with financial assistance.","பாரம்பரிய கைவினைஞர்களுக்கு நிதி உதவி வழங்குகிறது.","Traditional artisans.","கைவினைஞர்கள்.","Aadhaar Card; Artisan ID","ஆதார் அட்டை; கைவினைஞர் பதிவு","Apply through handicrafts department.","கைவினைத் துறை மூலம் விண்ணப்பிக்கலாம்.","https://www.tn.gov.in"
81,Tamil Nadu Palm Tree Workers Welfare Scheme,பனை மர தொழிலாளர்கள் நலத்திட்டம்,Social Welfare,"Provides welfare support for palm tree workers.","பனை தொழிலாளர்களுக்கு நலன்கள் வழங்குகிறது.","Palm tree workers.","பனை தொழிலாளர்கள்.","Worker ID; Aadhaar Card","தொழிலாளர் அட்டை; ஆதார் அட்டை","Apply through labor welfare board.","தொழிலாளர் நல வாரியம் மூலம் விண்ணப்பிக்கலாம்.","https://www.tn.gov.in"
82,Tamil Nadu Construction Workers Welfare Scheme,கட்டுமான தொழிலாளர்கள் நலத்திட்டம்,Social Welfare,"Provides social security benefits to construction workers.","கட்டுமான தொழிலாளர்களுக்கு நலன்கள் வழங்குகிறது.","Registered construction workers.","பதிவு செய்யப்பட்ட கட்டுமான தொழிலாளர்கள்.","Worker ID; Aadhaar Card","தொழிலாளர் அட்டை; ஆதார் அட்டை","Apply through construction welfare board.","கட்டுமான தொழிலாளர் வாரியம் மூலம் விண்ணப்பிக்கலாம்.","https://www.tn.gov.in"
83,Tamil Nadu Street Vendors Welfare Scheme,தெரு வியாபாரிகள் நலத்திட்டம்,Urban Development,"Supports street vendors with identity cards and financial assistance.","தெரு வியாபாரிகளுக்கு ஆதரவு வழங்குகிறது.","Registered street vendors.","பதிவு செய்யப்பட்ட தெரு வியாபாரிகள்.","Vendor ID; Aadhaar Card","வியாபாரி பதிவு; ஆதார் அட்டை","Apply through municipal office.","மாநகராட்சி அலுவலகம் மூலம் விண்ணப்பிக்கலாம்.","https://www.tn.gov.in"
84,Tamil Nadu Urban Self Employment Scheme,நகர சுயதொழில் திட்டம்,Employment,"Supports unemployed youth to start small businesses.","சுயதொழில் தொடங்க நிதி உதவி வழங்குகிறது.","Unemployed urban youth.","நகர இளைஞர்கள்.","Aadhaar Card; Business plan","ஆதார் அட்டை; தொழில் திட்டம்","Apply through employment office.","வேலைவாய்ப்பு அலுவலகம் மூலம் விண்ணப்பிக்கலாம்.","https://www.tn.gov.in"
85,Tamil Nadu Rural Self Employment Training Scheme,கிராம சுயதொழில் பயிற்சி திட்டம்,Employment,"Provides training to promote self employment.","சுயதொழில் பயிற்சி வழங்குகிறது.","Rural youth.","கிராம இளைஞர்கள்.","Aadhaar Card; Education certificate","ஆதார் அட்டை; கல்வி சான்று","Register through training centers.","பயிற்சி மையங்கள் மூலம் பதிவு செய்யலாம்.","https://www.tn.gov.in"
86,Tamil Nadu Women Livelihood Support Scheme,பெண்கள் வாழ்வாதார ஆதரவு திட்டம்,Women Empowerment,"Supports women livelihood through financial and training assistance.","பெண்களின் வாழ்வாதாரத்தை மேம்படுத்த உதவுகிறது.","Women from low income families.","குறைந்த வருமான பெண்கள்.","Aadhaar Card; Income certificate","ஆதார் அட்டை; வருமான சான்று","Apply through women welfare office.","பெண்கள் நல அலுவலகம் மூலம் விண்ணப்பிக்கலாம்.","https://www.tn.gov.in"
87,Tamil Nadu Girl Child Education Promotion Scheme,பெண் குழந்தை கல்வி ஊக்குவிப்பு திட்டம்,Education,"Encourages education among girl children.","பெண் குழந்தை கல்வியை ஊக்குவிக்கிறது.","Girl students.","பெண் மாணவர்கள்.","Student ID; Aadhaar Card","மாணவர் அடையாள அட்டை; ஆதார் அட்டை","Apply through school administration.","பள்ளி மூலம் விண்ணப்பிக்கலாம்.","https://www.tn.gov.in"
88,Tamil Nadu School Infrastructure Development Scheme,பள்ளி கட்டமைப்பு மேம்பாட்டு திட்டம்,Education,"Improves infrastructure in government schools.","அரசு பள்ளிகளில் கட்டமைப்பை மேம்படுத்துகிறது.","Government schools.","அரசு பள்ளிகள்.","Institution approval documents","நிறுவன ஆவணங்கள்","Implemented through education department.","கல்வித்துறை மூலம் செயல்படுத்தப்படுகிறது.","https://www.tn.gov.in"
89,Tamil Nadu Higher Education Scholarship Scheme,உயர்கல்வி உதவித்தொகை திட்டம்,Education,"Provides scholarships for higher education.","உயர்கல்விக்கான உதவித்தொகை வழங்குகிறது.","Meritorious students from low income families.","குறைந்த வருமான மாணவர்கள்.","Aadhaar Card; Income certificate; Mark sheets","ஆதார் அட்டை; வருமான சான்று; மதிப்பெண் பட்டியல்","Apply through scholarship portal.","உதவித்தொகை இணையதளம் மூலம் விண்ணப்பிக்கலாம்.","https://www.tn.gov.in"
90,Tamil Nadu Medical Assistance Scheme,மருத்துவ உதவி திட்டம்,Health,"Provides financial support for expensive medical treatment.","அதிக செலவான சிகிச்சைக்கு நிதி உதவி வழங்குகிறது.","Patients from low income families.","குறைந்த வருமான நோயாளிகள்.","Income certificate; Medical reports","வருமான சான்று; மருத்துவ அறிக்கை","Apply through government hospital.","அரசு மருத்துவமனை மூலம் விண்ணப்பிக்கலாம்.","https://www.tn.gov.in"
91,Tamil Nadu Mobile Medical Unit Scheme,மொபைல் மருத்துவ அலகு திட்டம்,Health,"Mobile medical units travel to rural and remote areas to provide basic healthcare services.","மொபைல் மருத்துவ அலகுகள் கிராமப்புறங்களுக்கு சென்று அடிப்படை மருத்துவ சேவைகளை வழங்குகின்றன.","Residents of rural and remote areas.","கிராமப்புற மற்றும் தொலைதூர பகுதிகளில் வாழும் மக்கள்.","Aadhaar Card","ஆதார் அட்டை","Visit the mobile medical unit when it arrives in the village.","மொபைல் மருத்துவ அலகு வரும்போது சேவை பெறலாம்.","https://www.tn.gov.in"
92,Tamil Nadu Maternal Nutrition Scheme,கர்ப்பிணி ஊட்டச்சத்து திட்டம்,Health,"Provides nutritional supplements and healthcare support for pregnant and lactating mothers.","கர்ப்பிணி மற்றும் பாலூட்டும் தாய்மார்களுக்கு ஊட்டச்சத்து உதவி வழங்குகிறது.","Pregnant and lactating mothers.","கர்ப்பிணி மற்றும் பாலூட்டும் தாய்மார்கள்.","Aadhaar Card; Health card","ஆதார் அட்டை; சுகாதார அட்டை","Register at nearby primary health center.","அருகிலுள்ள சுகாதார மையத்தில் பதிவு செய்யலாம்.","https://www.tn.gov.in"
93,Tamil Nadu Child Nutrition Improvement Scheme,குழந்தைகள் ஊட்டச்சத்து மேம்பாட்டு திட்டம்,Health,"Focuses on improving nutrition among children through supplementary feeding.","குழந்தைகளின் ஊட்டச்சத்தை மேம்படுத்த கூடுதல் உணவு வழங்குகிறது.","Children from low income families.","குறைந்த வருமான குடும்ப குழந்தைகள்.","Aadhaar Card; Birth certificate","ஆதார் அட்டை; பிறப்பு சான்று","Implemented through Anganwadi centers.","அங்கன்வாடி மையங்கள் மூலம் வழங்கப்படுகிறது.","https://www.tn.gov.in"
94,Tamil Nadu Drinking Water Improvement Scheme,குடிநீர் மேம்பாட்டு திட்டம்,Infrastructure,"Works to improve access to safe drinking water.","பாதுகாப்பான குடிநீர் வசதியை மேம்படுத்துகிறது.","Residents of Tamil Nadu.","தமிழ்நாடு மக்கள்.","Local body documents","உள்ளூர் நிர்வாக ஆவணங்கள்","Implemented through local bodies.","உள்ளூர் நிர்வாக அமைப்புகள் மூலம் செயல்படுத்தப்படுகிறது.","https://www.tn.gov.in"
95,Tamil Nadu Urban Sanitation Scheme,நகர சுகாதார திட்டம்,Infrastructure,"Improves sanitation and waste management in cities.","நகரங்களில் சுகாதார வசதிகளை மேம்படுத்துகிறது.","Urban residents.","நகர மக்கள்.","Local municipal records","மாநகராட்சி ஆவணங்கள்","Implemented through municipal corporations.","மாநகராட்சிகள் மூலம் செயல்படுத்தப்படுகிறது.","https://www.tn.gov.in"
96,Tamil Nadu Solid Waste Management Scheme,திட கழிவு மேலாண்மை திட்டம்,Environment,"Promotes scientific waste management in urban areas.","நகரங்களில் திட கழிவுகளை சரியான முறையில் நிர்வகிக்க உதவுகிறது.","Urban local bodies.","நகராட்சி அமைப்புகள்.","Municipal approval documents","மாநகராட்சி ஆவணங்கள்","Implemented through municipalities.","மாநகராட்சி மூலம் செயல்படுத்தப்படுகிறது.","https://www.tn.gov.in"
97,Tamil Nadu Tree Plantation Promotion Scheme,மரக்கன்று நடவு ஊக்குவிப்பு திட்டம்,Environment,"Encourages large scale tree plantation across the state.","மரக்கன்றுகளை நடுவதைக் ஊக்குவிக்கிறது.","Citizens and organizations.","பொதுமக்கள் மற்றும் அமைப்புகள்.","ID proof","அடையாள அட்டை","Participate through forest department programs.","வனத்துறை திட்டங்கள் மூலம் பங்கேற்கலாம்.","https://www.tn.gov.in"
98,Tamil Nadu Rural Drinking Water Supply Scheme,கிராம குடிநீர் வழங்கல் திட்டம்,Infrastructure,"Ensures safe drinking water supply to rural households.","கிராமப்புற குடும்பங்களுக்கு குடிநீர் வழங்குகிறது.","Rural households.","கிராமப்புற குடும்பங்கள்.","Local body approval","உள்ளூர் நிர்வாக ஆவணங்கள்","Implemented through rural development department.","கிராம வளர்ச்சி துறை மூலம் செயல்படுத்தப்படுகிறது.","https://www.tn.gov.in"
99,Tamil Nadu Tourism Promotion Scheme,சுற்றுலா மேம்பாட்டு திட்டம்,Tourism,"Promotes tourism destinations and infrastructure.","சுற்றுலா இடங்களை மேம்படுத்துகிறது.","Tourism entrepreneurs and organizations.","சுற்றுலா தொடர்பான நிறுவனங்கள்.","Business documents","தொழில் ஆவணங்கள்","Apply through tourism department.","சுற்றுலா துறை மூலம் விண்ணப்பிக்கலாம்.","https://www.tn.gov.in"
100,Tamil Nadu Cultural Heritage Preservation Scheme,பண்பாட்டு பாரம்பரிய பாதுகாப்பு திட்டம்,Culture,"Supports preservation of cultural heritage and arts.","பண்பாட்டு பாரம்பரியத்தை பாதுகாக்க உதவுகிறது.","Artists and cultural organizations.","கலைஞர்கள் மற்றும் பண்பாட்டு அமைப்புகள்.","ID proof; Organization documents","அடையாள அட்டை; அமைப்பு ஆவணங்கள்","Apply through culture department.","பண்பாட்டு துறை மூலம் விண்ணப்பிக்கலாம்.","https://www.tn.gov.in"
101,Tamil Nadu Fishermen Accident Insurance Scheme,மீனவர்கள் விபத்து காப்பீடு திட்டம்,Fisheries,"Provides accident insurance coverage for fishermen.","மீனவர்களுக்கு விபத்து காப்பீடு வழங்குகிறது.","Registered fishermen.","பதிவு செய்யப்பட்ட மீனவர்கள்.","Fishermen ID; Aadhaar Card","மீனவர் அட்டை; ஆதார் அட்டை","Apply through fisheries department.","மீன்வளத்துறை மூலம் விண்ணப்பிக்கலாம்.","https://www.tn.gov.in"
102,Tamil Nadu Fishermen Savings and Relief Scheme,மீனவர் சேமிப்பு மற்றும் நிவாரண திட்டம்,Fisheries,"Fishermen save during fishing season and receive financial relief during lean season.","மீன்பிடி இல்லாத காலத்தில் நிதி உதவி பெறும் திட்டம்.","Registered fishermen.","பதிவு செய்யப்பட்ட மீனவர்கள்.","Fishermen ID; Aadhaar Card","மீனவர் அட்டை; ஆதார் அட்டை","Register through fisheries department.","மீன்வளத்துறை மூலம் பதிவு செய்யலாம்.","https://www.tn.gov.in"
103,Tamil Nadu Fishermen Housing Scheme,மீனவர் வீட்டு வசதி திட்டம்,Housing,"Provides housing support for fishermen families.","மீனவர் குடும்பங்களுக்கு வீட்டு உதவி வழங்குகிறது.","Fishermen families.","மீனவர் குடும்பங்கள்.","Income certificate; Aadhaar Card","வருமான சான்று; ஆதார் அட்டை","Apply through fisheries department.","மீன்வளத்துறை மூலம் விண்ணப்பிக்கலாம்.","https://www.tn.gov.in"
104,Tamil Nadu Differently Abled Welfare Scheme,மாற்றுத்திறனாளிகள் நலத்திட்டம்,Social Welfare,"Provides financial assistance and welfare benefits to differently abled persons.","மாற்றுத்திறனாளிகளுக்கு நல உதவி வழங்குகிறது.","Persons with disabilities.","மாற்றுத்திறனாளிகள்.","Disability certificate; Aadhaar Card","மாற்றுத்திறனாளர் சான்று; ஆதார் அட்டை","Apply through welfare department.","நலத்துறை மூலம் விண்ணப்பிக்கலாம்.","https://www.tn.gov.in"
105,Tamil Nadu Free Motorized Sewing Machine Scheme,இலவச மின்சார தையல் இயந்திர திட்டம்,Women Empowerment,"Provides sewing machines to poor women to promote self employment.","பெண்களுக்கு தையல் இயந்திரம் வழங்குகிறது.","Women from low income families.","குறைந்த வருமான பெண்கள்.","Income certificate; Aadhaar Card","வருமான சான்று; ஆதார் அட்டை","Apply through women welfare office.","பெண்கள் நல அலுவலகம் மூலம் விண்ணப்பிக்கலாம்.","https://www.tn.gov.in"
106,Tamil Nadu Marriage Assistance Scheme,திருமண உதவி திட்டம்,Women Empowerment,"Provides financial assistance for daughters' marriage.","திருமண நிதி உதவி வழங்குகிறது.","Women from low income families.","குறைந்த வருமான குடும்ப பெண்கள்.","Income certificate; Aadhaar Card","வருமான சான்று; ஆதார் அட்டை","Apply through social welfare department.","சமூக நலத்துறை மூலம் விண்ணப்பிக்கலாம்.","https://www.tn.gov.in"
107,Tamil Nadu Free Bicycle Scheme for Students,மாணவர்களுக்கு இலவச மிதிவண்டி திட்டம்,Education,"Provides free bicycles to help students travel to school.","மாணவர்களுக்கு மிதிவண்டி வழங்குகிறது.","Government school students.","அரசு பள்ளி மாணவர்கள்.","Student ID; School records","மாணவர் அட்டை; பள்ளி பதிவு","Distributed through schools.","பள்ளிகள் மூலம் வழங்கப்படுகிறது.","https://www.tn.gov.in"
108,Tamil Nadu Laptop Distribution Scheme,மாணவர்களுக்கு இலவச லேப்டாப் திட்டம்,Education,"Government distributes laptops to students.","மாணவர்களுக்கு இலவச லேப்டாப்கள் வழங்கப்படுகின்றன.","Students in government schools and colleges.","அரசு பள்ளி மற்றும் கல்லூரி மாணவர்கள்.","Student ID; Institution records","மாணவர் அட்டை; கல்வி நிறுவனம் பதிவு","Distributed through institutions.","கல்வி நிறுவனங்கள் மூலம் வழங்கப்படுகிறது.","https://www.tn.gov.in"
109,Tamil Nadu Skill Development Training Scheme,திறன் மேம்பாட்டு பயிற்சி திட்டம்,Employment,"Provides skill training programs for youth.","இளைஞர்களுக்கு திறன் பயிற்சி வழங்குகிறது.","Unemployed youth.","வேலை இல்லாத இளைஞர்கள்.","Aadhaar Card; Education certificate","ஆதார் அட்டை; கல்வி சான்று","Register at skill development centers.","திறன் பயிற்சி மையங்கள் மூலம் பதிவு செய்யலாம்.","https://www.tn.gov.in"
110,Tamil Nadu Startup Promotion Scheme,ஸ்டார்ட்அப் ஊக்குவிப்பு திட்டம்,Entrepreneurship,"Supports innovative startups with funding and incubation.","புதிய ஸ்டார்ட்அப்களுக்கு ஆதரவு வழங்குகிறது.","Startup founders and entrepreneurs.","தொழில் முனைவோர்.","Business plan; Aadhaar Card","தொழில் திட்டம்; ஆதார் அட்டை","Apply through startup mission portal.","ஸ்டார்ட்அப் மிஷன் மூலம் விண்ணப்பிக்கலாம்.","https://www.tn.gov.in"
111,Tamil Nadu MSME Development Scheme,சிறு மற்றும் நடுத்தர தொழில் மேம்பாட்டு திட்டம்,Entrepreneurship,"Promotes small and medium enterprises.","சிறு மற்றும் நடுத்தர தொழில்களை மேம்படுத்துகிறது.","MSME entrepreneurs.","சிறு தொழில் முனைவோர்.","Business registration; Aadhaar Card","தொழில் பதிவு; ஆதார் அட்டை","Apply through MSME department.","MSME துறை மூலம் விண்ணப்பிக்கலாம்.","https://www.tn.gov.in"
112,Tamil Nadu Rural Roads Development Scheme,கிராம சாலை மேம்பாட்டு திட்டம்,Infrastructure,"Develops road connectivity in rural areas.","கிராம சாலை வசதிகளை மேம்படுத்துகிறது.","Rural communities.","கிராம மக்கள்.","Local body approval","உள்ளூர் நிர்வாக ஆவணங்கள்","Implemented through rural development department.","கிராம வளர்ச்சி துறை மூலம் செயல்படுத்தப்படுகிறது.","https://www.tn.gov.in"
113,Tamil Nadu Public Health Improvement Scheme,பொது சுகாதார மேம்பாட்டு திட்டம்,Health,"Improves healthcare infrastructure in hospitals.","மருத்துவ சேவைகளை மேம்படுத்துகிறது.","Residents of Tamil Nadu.","தமிழ்நாடு மக்கள்.","Hospital registration documents","மருத்துவ பதிவு ஆவணங்கள்","Implemented through health department.","சுகாதார துறை மூலம் செயல்படுத்தப்படுகிறது.","https://www.tn.gov.in"
114,Tamil Nadu Village Sanitation Scheme,கிராம சுகாதார திட்டம்,Infrastructure,"Promotes sanitation facilities in villages.","கிராமங்களில் சுகாதார வசதிகளை மேம்படுத்துகிறது.","Rural communities.","கிராம மக்கள்.","Local body records","உள்ளூர் நிர்வாக ஆவணங்கள்","Implemented through local panchayats.","பஞ்சாயத்து மூலம் செயல்படுத்தப்படுகிறது.","https://www.tn.gov.in"
115,Tamil Nadu Nutrition Support Scheme,ஊட்டச்சத்து ஆதரவு திட்டம்,Health,"Provides nutrition support for vulnerable groups.","ஊட்டச்சத்து உதவி வழங்குகிறது.","Children and mothers.","குழந்தைகள் மற்றும் தாய்மார்கள்.","Aadhaar Card; Health card","ஆதார் அட்டை; சுகாதார அட்டை","Provided through health centers.","சுகாதார மையங்கள் மூலம் வழங்கப்படுகிறது.","https://www.tn.gov.in"
116,Tamil Nadu Rural Livelihood Mission,தமிழ்நாடு கிராம வாழ்வாதார இயக்கம்,Employment,"Supports rural poor families through SHGs and livelihood programs.","கிராம ஏழை குடும்பங்களுக்கு வாழ்வாதார ஆதரவு வழங்குகிறது.","Rural poor families.","கிராம ஏழை குடும்பங்கள்.","Aadhaar Card; SHG registration","ஆதார் அட்டை; சுயஉதவி குழு பதிவு","Apply through rural development office.","கிராம வளர்ச்சி அலுவலகம் மூலம் விண்ணப்பிக்கலாம்.","https://www.tn.gov.in"
117,Tamil Nadu Farmer Training Scheme,விவசாயிகள் பயிற்சி திட்டம்,Agriculture,"Provides training on modern agricultural techniques.","விவசாய பயிற்சி வழங்குகிறது.","Farmers.","விவசாயிகள்.","Farmer ID; Aadhaar Card","விவசாயி அட்டை; ஆதார் அட்டை","Register through agriculture department.","வேளாண் துறை மூலம் பதிவு செய்யலாம்.","https://www.tn.gov.in"
118,Tamil Nadu Horticulture Development Scheme,தோட்டக்கலை மேம்பாட்டு திட்டம்,Agriculture,"Encourages cultivation of fruits and vegetables.","பழம் மற்றும் காய்கறி பயிரிட ஊக்குவிக்கிறது.","Farmers.","விவசாயிகள்.","Land documents; Aadhaar Card","நில ஆவணங்கள்; ஆதார் அட்டை","Apply through horticulture department.","தோட்டக்கலை துறை மூலம் விண்ணப்பிக்கலாம்.","https://www.tn.gov.in"
119,Tamil Nadu Organic Farming Promotion Scheme,இயற்கை விவசாய ஊக்குவிப்பு திட்டம்,Agriculture,"Encourages farmers to adopt organic farming.","இயற்கை விவசாய முறைகளை ஊக்குவிக்கிறது.","Farmers.","விவசாயிகள்.","Land documents; Aadhaar Card","நில ஆவணங்கள்; ஆதார் அட்டை","Apply through agriculture department.","வேளாண் துறை மூலம் விண்ணப்பிக்கலாம்.","https://www.tn.gov.in"
120,Tamil Nadu Agricultural Marketing Support Scheme,விவசாய சந்தைப்படுத்தல் ஆதரவு திட்டம்,Agriculture,"Helps farmers market agricultural produce effectively.","விவசாயிகள் விளைபொருட்களை சந்தைப்படுத்த உதவுகிறது.","Farmers.","விவசாயிகள்.","Farmer ID; Aadhaar Card","விவசாயி அட்டை; ஆதார் அட்டை","Apply through agriculture marketing department.","வேளாண் சந்தைத் துறை மூலம் விண்ணப்பிக்கலாம்.","https://www.tn.gov.in"
121,Tamil Nadu Crop Insurance Scheme,பயிர் காப்பீடு திட்டம்,Agriculture,"This scheme provides insurance coverage to farmers against crop loss due to natural disasters.","இந்த திட்டம் இயற்கை பேரழிவால் பயிர் சேதம் ஏற்பட்டால் விவசாயிகளுக்கு காப்பீடு வழங்குகிறது.","Farmers cultivating crops in Tamil Nadu.","தமிழ்நாட்டில் பயிர் செய்கை செய்யும் விவசாயிகள்.","Aadhaar Card, Land Records, Bank Account Details","ஆதார் அட்டை, நில ஆவணங்கள், வங்கி விவரங்கள்","Apply through Agriculture Department or insurance enrollment centers.","விவசாய துறை அல்லது பதிவு மையங்களில் விண்ணப்பிக்கலாம்.","https://www.tn.gov.in"
122,Tamil Nadu Irrigation Development Scheme,பாசன மேம்பாட்டு திட்டம்,Agriculture,"The scheme focuses on improving irrigation facilities for farmers.","இந்த திட்டம் விவசாயிகளுக்கான பாசன வசதிகளை மேம்படுத்துகிறது.","Farmers owning agricultural land in Tamil Nadu.","தமிழ்நாடு விவசாய நிலம் கொண்ட விவசாயிகள்.","Aadhaar Card, Land Ownership Documents","ஆதார் அட்டை, நில உரிமை ஆவணங்கள்","Apply through Agriculture or Irrigation Department.","விவசாய அல்லது பாசன துறையில் விண்ணப்பிக்கலாம்.","https://www.tn.gov.in"
123,Tamil Nadu Agricultural Mechanization Scheme,விவசாய இயந்திரமயமாக்கல் திட்டம்,Agriculture,"The scheme provides subsidies for purchasing agricultural machinery.","இந்த திட்டம் விவசாய இயந்திரங்கள் வாங்க மானியம் வழங்குகிறது.","Farmers and farmer groups in Tamil Nadu.","தமிழ்நாடு விவசாயிகள் மற்றும் விவசாய குழுக்கள்.","Aadhaar Card, Land Documents, Bank Details","ஆதார் அட்டை, நில ஆவணங்கள், வங்கி விவரங்கள்","Apply through Agriculture Department offices.","விவசாய துறை அலுவலகம் மூலம் விண்ணப்பிக்கலாம்.","https://www.tn.gov.in"
124,Tamil Nadu Seed Distribution Scheme,விதை வழங்கல் திட்டம்,Agriculture,"Quality seeds are distributed to farmers to improve agricultural productivity.","இந்த திட்டம் தரமான விதைகள் விவசாயிகளுக்கு வழங்குகிறது.","Registered farmers in Tamil Nadu.","தமிழ்நாடு பதிவு செய்யப்பட்ட விவசாயிகள்.","Aadhaar Card, Farmer ID","ஆதார் அட்டை, விவசாயி அடையாள அட்டை","Seeds distributed through Agriculture Department centers.","விவசாய துறை மையங்கள் மூலம் வழங்கப்படும்.","https://www.tn.gov.in"
125,Tamil Nadu Farmer Credit Scheme,விவசாய கடன் திட்டம்,Agriculture,"The scheme provides credit support and loans for farmers.","இந்த திட்டம் விவசாயிகளுக்கு கடன் உதவி வழங்குகிறது.","Farmers requiring financial assistance for agriculture.","விவசாய செலவுக்காக கடன் தேவைப்படும் விவசாயிகள்.","Aadhaar Card, Land Records, Bank Details","ஆதார் அட்டை, நில ஆவணங்கள், வங்கி விவரங்கள்","Apply through banks or cooperative societies.","வங்கிகள் அல்லது கூட்டுறவு சங்கங்கள் மூலம் விண்ணப்பிக்கலாம்.","https://www.tn.gov.in"
126,Tamil Nadu Agricultural Extension Scheme,விவசாய விரிவாக்க திட்டம்,Agriculture,"Agricultural experts provide guidance and support to farmers.","இந்த திட்டம் விவசாயிகளுக்கு தொழில்நுட்ப ஆலோசனைகளை வழங்குகிறது.","Farmers seeking agricultural training and guidance.","விவசாய ஆலோசனை தேவைப்படும் விவசாயிகள்.","Aadhaar Card","ஆதார் அட்டை","Visit Agriculture Extension Office.","விவசாய விரிவாக்க அலுவலகத்தில் தொடர்பு கொள்ளலாம்.","https://www.tn.gov.in"
127,Tamil Nadu Rural Employment Scheme,கிராம வேலைவாய்ப்பு திட்டம்,Employment,"The scheme provides employment opportunities in rural areas.","இந்த திட்டம் கிராமப்புறங்களில் வேலைவாய்ப்பு வழங்குகிறது.","Unemployed rural residents.","வேலை இல்லாத கிராமப்புற மக்கள்.","Aadhaar Card, Residence Proof","ஆதார் அட்டை, முகவரி சான்று","Register at local Panchayat office.","உள்ளூர் பஞ்சாயத்து அலுவலகத்தில் பதிவு செய்யலாம்.","https://www.tn.gov.in"
128,Tamil Nadu Youth Skill Training Scheme,இளைஞர் திறன் பயிற்சி திட்டம்,Employment,"Youth receive training in different technical and vocational skills.","இந்த திட்டம் இளைஞர்களுக்கு தொழில்நுட்ப திறன் பயிற்சி வழங்குகிறது.","Youth aged 18-35 in Tamil Nadu.","தமிழ்நாடு 18-35 வயது இளைஞர்கள்.","Aadhaar Card, Education Certificates","ஆதார் அட்டை, கல்வி சான்றிதழ்கள்","Apply through Skill Development Department.","திறன் மேம்பாட்டு துறை மூலம் விண்ணப்பிக்கலாம்.","https://www.tn.gov.in"
129,Tamil Nadu Digital Literacy Scheme,டிஜிட்டல் கல்வி திட்டம்,Education,"The scheme promotes digital literacy among rural citizens.","இந்த திட்டம் கிராமப்புற மக்களுக்கு டிஜிட்டல் கல்வி வழங்குகிறது.","Rural residents with limited digital knowledge.","டிஜிட்டல் அறிவு குறைவான கிராமப்புற மக்கள்.","Aadhaar Card","ஆதார் அட்டை","Register at digital literacy training centers.","டிஜிட்டல் பயிற்சி மையங்களில் பதிவு செய்யலாம்.","https://www.tn.gov.in"
130,Tamil Nadu Public Library Development Scheme,பொது நூலக மேம்பாட்டு திட்டம்,Education,"This scheme improves public libraries and reading facilities.","இந்த திட்டம் பொது நூலகங்களை மேம்படுத்துகிறது.","General public and students in Tamil Nadu.","தமிழ்நாடு மாணவர்கள் மற்றும் பொதுமக்கள்.","ID Proof","அடையாள அட்டை","Library services available through government libraries.","அரசு நூலகங்களில் சேவையை பெறலாம்.","https://www.tn.gov.in"
131,Tamil Nadu Women Safety Scheme,பெண்கள் பாதுகாப்பு திட்டம்,Women Empowerment,"The scheme focuses on improving safety and security for women.","இந்த திட்டம் பெண்களின் பாதுகாப்பை மேம்படுத்துகிறது.","Women residents of Tamil Nadu.","தமிழ்நாட்டில் வசிக்கும் பெண்கள்.","Aadhaar Card, Address Proof","ஆதார் அட்டை, முகவரி சான்று","Apply through Women and Child Development Department.","பெண்கள் மற்றும் குழந்தைகள் மேம்பாட்டு துறை மூலம் விண்ணப்பிக்கலாம்.","https://www.tn.gov.in"
132,Tamil Nadu Working Women Hostel Scheme,பணிபுரியும் பெண்கள் விடுதி திட்டம்,Women Empowerment,"The scheme provides hostel facilities for working women in cities.","இந்த திட்டம் நகரங்களில் பணிபுரியும் பெண்களுக்கு விடுதி வசதி வழங்குகிறது.","Working women in urban areas of Tamil Nadu.","தமிழ்நாடு நகரங்களில் பணிபுரியும் பெண்கள்.","Aadhaar Card, Employment Proof","ஆதார் அட்டை, வேலை சான்று","Apply through Social Welfare Department or hostel administration.","சமூக நலத்துறை அல்லது விடுதி நிர்வாகம் மூலம் விண்ணப்பிக்கலாம்.","https://www.tn.gov.in"
133,Tamil Nadu Senior Citizen Welfare Scheme,மூத்த குடிமக்கள் நலத்திட்டம்,Social Welfare,"The scheme provides welfare benefits and assistance for senior citizens.","இந்த திட்டம் மூத்த குடிமக்களுக்கு நலன்கள் வழங்குகிறது.","Senior citizens aged 60 years and above.","60 வயது மற்றும் அதற்கு மேற்பட்ட மூத்த குடிமக்கள்.","Aadhaar Card, Age Proof","ஆதார் அட்டை, வயது சான்று","Apply through Social Welfare Department.","சமூக நலத்துறை மூலம் விண்ணப்பிக்கலாம்.","https://www.tn.gov.in"
134,Tamil Nadu Old Age Pension Scheme,மூத்தோர் ஓய்வூதிய திட்டம்,Social Welfare,"This scheme provides monthly pension for elderly citizens.","இந்த திட்டம் மூத்த குடிமக்களுக்கு மாதாந்திர ஓய்வூதியம் வழங்குகிறது.","Senior citizens from economically weaker sections.","பொருளாதார ரீதியாக பின்தங்கிய மூத்த குடிமக்கள்.","Aadhaar Card, Age Proof, Bank Details","ஆதார் அட்டை, வயது சான்று, வங்கி விவரங்கள்","Apply through local Panchayat or Social Welfare Office.","உள்ளூர் பஞ்சாயத்து அல்லது சமூக நல அலுவலகத்தில் விண்ணப்பிக்கலாம்.","https://www.tn.gov.in"
135,Tamil Nadu Widow Pension Scheme,விதவை ஓய்வூதிய திட்டம்,Social Welfare,"The scheme provides pension support for widowed women.","இந்த திட்டம் விதவைகளுக்கு ஓய்வூதியம் வழங்குகிறது.","Widowed women from low-income families.","குறைந்த வருமானம் கொண்ட விதவை பெண்கள்.","Aadhaar Card, Death Certificate of Husband, Bank Details","ஆதார் அட்டை, கணவர் இறப்பு சான்று, வங்கி விவரங்கள்","Apply through Social Welfare Department.","சமூக நலத்துறை மூலம் விண்ணப்பிக்கலாம்.","https://www.tn.gov.in"
136,Tamil Nadu Differently Abled Pension Scheme,மாற்றுத்திறனாளிகள் ஓய்வூதிய திட்டம்,Social Welfare,"Monthly pension is provided for differently abled persons.","இந்த திட்டம் மாற்றுத்திறனாளிகளுக்கு மாதாந்திர ஓய்வூதியம் வழங்குகிறது.","Persons with certified disabilities.","மாற்றுத்திறன் சான்று பெற்றவர்கள்.","Aadhaar Card, Disability Certificate, Bank Details","ஆதார் அட்டை, மாற்றுத்திறன் சான்று, வங்கி விவரங்கள்","Apply through Social Welfare Department.","சமூக நலத்துறை மூலம் விண்ணப்பிக்கலாம்.","https://www.tn.gov.in"
137,Tamil Nadu Slum Development Scheme,சேரி மேம்பாட்டு திட்டம்,Urban Development,"The scheme focuses on improving living conditions in slum areas.","இந்த திட்டம் சேரி பகுதிகளில் வாழ்வாதாரத்தை மேம்படுத்துகிறது.","Residents living in urban slum areas.","நகர சேரி பகுதிகளில் வசிக்கும் மக்கள்.","Aadhaar Card, Residence Proof","ஆதார் அட்டை, முகவரி சான்று","Implemented through Urban Development Department.","நகர மேம்பாட்டு துறை மூலம் செயல்படுத்தப்படுகிறது.","https://www.tn.gov.in"
138,Tamil Nadu Urban Infrastructure Development Scheme,நகர கட்டமைப்பு மேம்பாட்டு திட்டம்,Infrastructure,"The scheme improves infrastructure facilities in cities.","இந்த திட்டம் நகர கட்டமைப்புகளை மேம்படுத்துகிறது.","Urban local bodies and city residents.","நகராட்சி பகுதிகள் மற்றும் நகர மக்கள்.","Project Approval Documents","திட்ட அனுமதி ஆவணங்கள்","Implemented by Urban Development Department.","நகர மேம்பாட்டு துறை மூலம் செயல்படுத்தப்படுகிறது.","https://www.tn.gov.in"
139,Tamil Nadu Public Transport Improvement Scheme,பொது போக்குவரத்து மேம்பாட்டு திட்டம்,Transport,"The scheme improves public transport services and infrastructure.","இந்த திட்டம் பொது போக்குவரத்தை மேம்படுத்துகிறது.","General public using public transport.","பொது போக்குவரத்தை பயன்படுத்தும் மக்கள்.","Not Required","தேவை இல்லை","Implemented through Transport Department.","போக்குவரத்து துறை மூலம் செயல்படுத்தப்படுகிறது.","https://www.tn.gov.in"
140,Tamil Nadu Road Safety Scheme,சாலை பாதுகாப்பு திட்டம்,Transport,"The scheme focuses on improving road safety awareness and infrastructure.","இந்த திட்டம் சாலை பாதுகாப்பை மேம்படுத்துகிறது.","General public and vehicle drivers.","பொது மக்கள் மற்றும் வாகன ஓட்டிகள்.","ID Proof","அடையாள அட்டை","Implemented through Transport Department.","போக்குவரத்து துறை மூலம் செயல்படுத்தப்படுகிறது.","https://www.tn.gov.in"
141,Tamil Nadu Rural Drinking Water Quality Scheme,கிராம குடிநீர் தர மேம்பாட்டு திட்டம்,Infrastructure,"This scheme focuses on improving the quality of drinking water supplied to rural households.","இந்த திட்டம் கிராமப்புறங்களில் வழங்கப்படும் குடிநீரின் தரத்தை மேம்படுத்துகிறது.","Rural households in Tamil Nadu.","தமிழ்நாடு கிராமப்புற குடும்பங்கள்.","Not Required","தேவை இல்லை","Implemented through Rural Development Department.","கிராம மேம்பாட்டு துறை மூலம் செயல்படுத்தப்படுகிறது.","https://www.tn.gov.in"
142,Tamil Nadu Village Infrastructure Development Scheme,கிராம கட்டமைப்பு மேம்பாட்டு திட்டம்,Infrastructure,"The scheme improves infrastructure facilities such as roads, drainage, and lighting in villages.","இந்த திட்டம் கிராமங்களில் சாலை, வடிகால் மற்றும் விளக்கு வசதிகளை மேம்படுத்துகிறது.","Villages in Tamil Nadu.","தமிழ்நாடு கிராமங்கள்.","Not Required","தேவை இல்லை","Implemented through Rural Development Department.","கிராம மேம்பாட்டு துறை மூலம் செயல்படுத்தப்படுகிறது.","https://www.tn.gov.in"
143,Tamil Nadu Renewable Energy Promotion Scheme,மீளச்சுழற்சி ஆற்றல் ஊக்குவிப்பு திட்டம்,Energy,"The scheme promotes the use of renewable energy sources such as solar and wind power.","இந்த திட்டம் சூரிய மற்றும் காற்றாலை போன்ற மீளச்சுழற்சி ஆற்றலை ஊக்குவிக்கிறது.","Households, institutions, and industries.","வீடுகள், நிறுவனங்கள் மற்றும் தொழிற்சாலைகள்.","Aadhaar Card, Address Proof","ஆதார் அட்டை, முகவரி சான்று","Apply through Energy Development Agency.","எனர்ஜி டெவலப்மென்ட் ஏஜென்சி மூலம் விண்ணப்பிக்கலாம்.","https://www.tn.gov.in"
144,Tamil Nadu Solar Pump Scheme,சூரிய சக்தி பம்ப் திட்டம்,Agriculture,"This scheme provides solar-powered irrigation pumps to farmers to reduce electricity dependency.","இந்த திட்டம் விவசாயிகளுக்கு சூரிய சக்தியில் இயங்கும் பம்ப்களை வழங்குகிறது.","Farmers with agricultural land.","நிலம் கொண்ட விவசாயிகள்.","Aadhaar Card, Land Documents","ஆதார் அட்டை, நில ஆவணங்கள்","Apply through Agriculture Department.","விவசாய துறை மூலம் விண்ணப்பிக்கலாம்.","https://www.tn.gov.in"
145,Tamil Nadu Solar Rooftop Scheme,சூரிய கூரை மின்சார திட்டம்,Energy,"The scheme encourages households and institutions to install rooftop solar panels.","இந்த திட்டம் வீடுகள் மற்றும் நிறுவனங்களில் சூரிய மின்சார பலகைகள் அமைக்க ஊக்குவிக்கிறது.","Households and institutions.","வீடுகள் மற்றும் நிறுவனங்கள்.","Aadhaar Card, Electricity Bill","ஆதார் அட்டை, மின்சார கட்டணம் ரசீது","Apply through Renewable Energy Agency.","மீளச்சுழற்சி ஆற்றல் முகமை மூலம் விண்ணப்பிக்கலாம்.","https://www.tn.gov.in"
146,Tamil Nadu Electric Vehicle Promotion Scheme,மின்சார வாகன ஊக்குவிப்பு திட்டம்,Transport,"This scheme promotes the adoption of electric vehicles by providing incentives and infrastructure support.","இந்த திட்டம் மின்சார வாகனங்களை பயன்படுத்த ஊக்குவிக்கிறது.","Vehicle owners purchasing electric vehicles.","மின்சார வாகனங்களை வாங்கும் மக்கள்.","Aadhaar Card, Vehicle Registration","ஆதார் அட்டை, வாகன பதிவு ஆவணம்","Apply through Transport Department or EV subsidy portal.","போக்குவரத்து துறை அல்லது EV மானியம் போர்டல் மூலம் விண்ணப்பிக்கலாம்.","https://www.tn.gov.in"
147,Tamil Nadu Rural Transport Scheme,கிராம போக்குவரத்து திட்டம்,Transport,"The scheme improves transport connectivity in rural areas.","இந்த திட்டம் கிராமப்புறங்களில் போக்குவரத்து வசதியை மேம்படுத்துகிறது.","Residents of rural areas.","கிராமப்புற மக்கள்.","Not Required","தேவை இல்லை","Implemented through Transport Department.","போக்குவரத்து துறை மூலம் செயல்படுத்தப்படுகிறது.","https://www.tn.gov.in"
148,Tamil Nadu Skill Development for Women Scheme,பெண்கள் திறன் மேம்பாட்டு திட்டம்,Women Empowerment,"The scheme provides vocational and technical skill training programs for women.","இந்த திட்டம் பெண்களுக்கு தொழில்நுட்ப மற்றும் தொழில் திறன் பயிற்சி வழங்குகிறது.","Women aged 18 and above.","18 வயதுக்கு மேற்பட்ட பெண்கள்.","Aadhaar Card, Education Certificate","ஆதார் அட்டை, கல்வி சான்று","Apply through Skill Development Department.","திறன் மேம்பாட்டு துறை மூலம் விண்ணப்பிக்கலாம்.","https://www.tn.gov.in"
149,Tamil Nadu Women Self Help Group Support Scheme,பெண்கள் சுயஉதவி குழு ஆதரவு திட்டம்,Women Empowerment,"The scheme strengthens women self-help groups by providing financial and training support.","இந்த திட்டம் பெண்கள் சுயஉதவி குழுக்களுக்கு நிதி மற்றும் பயிற்சி உதவி வழங்குகிறது.","Women members of registered self-help groups.","பதிவு செய்யப்பட்ட சுயஉதவி குழு பெண்கள்.","SHG Registration Documents, Aadhaar Card","சுயஉதவி குழு பதிவு ஆவணம், ஆதார் அட்டை","Apply through Rural Development Department.","கிராம மேம்பாட்டு துறை மூலம் விண்ணப்பிக்கலாம்.","https://www.tn.gov.in"
150,Tamil Nadu Girl Child Protection Scheme,பெண் குழந்தை பாதுகாப்பு திட்டம்,Women Empowerment,"The scheme aims to protect and support girl children through financial assistance and welfare benefits.","இந்த திட்டம் பெண் குழந்தைகளின் பாதுகாப்பு மற்றும் நலன்களை உறுதி செய்கிறது.","Families with girl children.","பெண் குழந்தைகள் உள்ள குடும்பங்கள்.","Birth Certificate, Aadhaar Card, Bank Details","பிறப்பு சான்று, ஆதார் அட்டை, வங்கி விவரங்கள்","Apply through Social Welfare Department.","சமூக நலத்துறை மூலம் விண்ணப்பிக்கலாம்.","https://www.tn.gov.in"
151,Pradhan Mantri Awas Yojana - Urban 2.0 (PMAY-U 2.0),பிரதான் மந்திரி ஆவாஸ் யோஜனா - நகர்ப்புறம் 2.0,Housing,"PMAY-U 2.0 provides financial assistance to eligible urban families to construct, purchase, or rent affordable houses under four verticals: Beneficiary Led Construction, Affordable Housing in Partnership, Affordable Rental Housing, and Interest Subsidy Scheme.","PMAY-U 2.0 தகுதியுள்ள நகர்ப்புற குடும்பங்களுக்கு வீடுகளை கட்ட, வாங்க அல்லது குறைந்த செலவில் வாடகைக்கு பெற நிதி உதவி வழங்குகிறது. இத்திட்டத்தில் பயனாளி அடிப்படையிலான கட்டுமானம், கூட்டாண்மை மூலம் மலிவு விலை வீடுகள், மலிவு விலை வாடகை வீடுகள் மற்றும் வீட்டுக் கடன் வட்டி மானியம் ஆகிய நான்கு பிரிவுகள் உள்ளன.","Families belonging to EWS/LIG/MIG categories living in urban areas and not owning a pucca house anywhere in India. Eligibility and income limits depend on the selected vertical.","நகர்ப்புறங்களில் வசிக்கும் EWS/LIG/MIG குடும்பங்கள் மற்றும் இந்தியாவில் எந்த இடத்திலும் பக்கா வீடு சொந்தமாக இல்லாதவர்கள் தகுதியுடையவர்கள். தேர்ந்தெடுக்கப்படும் பிரிவைப் பொறுத்து தகுதி மற்றும் வருமான வரம்புகள் மாறுபடும்.","Aadhaar; Bank Account Details; Income Proof; Undertaking; Land Ownership Documents (for BLC, if applicable)","ஆதார்; வங்கி கணக்கு விவரங்கள்; வருமானச் சான்று; உறுதிமொழி; நில உரிமை ஆவணங்கள் (BLC பிரிவுக்கு பொருந்தினால்)","Apply through the PMAY-U 2.0 Unified Web Portal, Common Service Centre (CSC), concerned Urban Local Body/Municipality, or participating lending institution as applicable.","PMAY-U 2.0 ஒருங்கிணைந்த இணையதளம், பொது சேவை மையம் (CSC), சம்பந்தப்பட்ட நகர்ப்புற உள்ளாட்சி அமைப்பு/மாநகராட்சி அல்லது பொருந்தும் கடன் நிறுவனத்தின் மூலம் விண்ணப்பிக்கலாம்.","https://pmaymis.gov.in/pmaymis2_2024/PmayUrban.aspx"

152,Pradhan Mantri Kisan Samman Nidhi (PM-KISAN),பிரதான் மந்திரி கிசான் சம்மான் நிதி,Agriculture,"PM-KISAN provides income support to eligible landholding farmer families through Direct Benefit Transfer to help meet agricultural and household needs.","PM-KISAN தகுதியுள்ள நிலம் வைத்திருக்கும் விவசாய குடும்பங்களுக்கு நேரடி பணப்பரிமாற்றம் மூலம் வருமான ஆதரவை வழங்குகிறது. இது விவசாய மற்றும் குடும்பத் தேவைகளை பூர்த்தி செய்ய உதவுகிறது.","Eligible landholding farmer families subject to the scheme's eligibility and exclusion criteria. Aadhaar authentication and land-related records are used for registration and verification.","திட்டத்தின் தகுதி மற்றும் விலக்கு விதிகளுக்கு உட்பட்ட தகுதியுள்ள நிலம் வைத்திருக்கும் விவசாய குடும்பங்கள் பயன்பெறலாம். பதிவு மற்றும் சரிபார்ப்பிற்கு ஆதார் அங்கீகாரம் மற்றும் நிலம் தொடர்பான பதிவுகள் பயன்படுத்தப்படுகின்றன.","Aadhaar; Mobile Number; Land Ownership/Land Record Details; Bank Account Details","ஆதார்; கைபேசி எண்; நில உரிமை/நிலப் பதிவு விவரங்கள்; வங்கி கணக்கு விவரங்கள்","Eligible farmers can register through the official PM-KISAN portal or through the designated registration process of the State/UT.","தகுதியுள்ள விவசாயிகள் அதிகாரப்பூர்வ PM-KISAN இணையதளம் அல்லது மாநிலம்/யூனியன் பிரதேசத்தால் குறிப்பிடப்பட்ட பதிவு முறையின் மூலம் விண்ணப்பிக்கலாம்.","https://pmkisan.gov.in/"
153,Pradhan Mantri Ujjwala Yojana 2.0 (PMUY),பிரதான் மந்திரி உஜ்வலா யோஜனா 2.0,Women Welfare,"PMUY provides deposit-free LPG connections to eligible adult women from poor households, along with support for the LPG connection and specified initial benefits.","PMUY ஏழை குடும்பங்களைச் சேர்ந்த தகுதியுள்ள வயது வந்த பெண்களுக்கு வைப்புத்தொகையில்லா LPG இணைப்பை வழங்குகிறது. LPG இணைப்புடன் தொடர்புடைய ஆரம்பகட்ட நன்மைகளும் வழங்கப்படுகின்றன.","The applicant must be a woman aged 18 or above, belong to a poor household based on the prescribed declaration, and there must be no existing LPG connection from an Oil Marketing Company in the same household.","விண்ணப்பதாரர் 18 வயது அல்லது அதற்கு மேற்பட்ட பெண்ணாக இருக்க வேண்டும். பரிந்துரைக்கப்பட்ட உறுதிமொழியின் அடிப்படையில் ஏழை குடும்பத்தைச் சேர்ந்தவராக இருக்க வேண்டும். அதே குடும்பத்தில் ஏற்கனவே வேறு LPG இணைப்பு இருக்கக்கூடாது.","KYC Form; Aadhaar; Ration Card or Family Composition Document; Aadhaar of Adult Family Members; Bank Account Details; Deprivation Declaration","KYC படிவம்; ஆதார்; குடும்ப அட்டை அல்லது குடும்ப உறுப்பினர் விவர ஆவணம்; வயது வந்த குடும்ப உறுப்பினர்களின் ஆதார்; வங்கி கணக்கு விவரங்கள்; வறுமை நிலை உறுதிமொழி","Apply online through the PMUY portal or submit the application to a preferred LPG distributor.","PMUY இணையதளம் மூலம் ஆன்லைனில் விண்ணப்பிக்கலாம் அல்லது விருப்பமான LPG விநியோகஸ்தரிடம் விண்ணப்பத்தை சமர்ப்பிக்கலாம்.","https://www.pmuy.gov.in/"
154,Pradhan Mantri Jan-Dhan Yojana (PMJDY),பிரதான் மந்திரி ஜன் தன் யோஜனா,Financial Inclusion,"PMJDY promotes financial inclusion by providing access to basic savings bank accounts and related financial services such as remittances, credit, insurance, pension and Direct Benefit Transfer.","PMJDY அடிப்படை சேமிப்பு வங்கி கணக்குகள் மற்றும் பணப்பரிமாற்றம், கடன், காப்பீடு, ஓய்வூதியம் மற்றும் நேரடி பணப்பரிமாற்றம் போன்ற நிதி சேவைகளை அணுகுவதற்கான வாய்ப்பை வழங்குகிறது.","Individuals who do not have an existing basic savings bank deposit account can open a PMJDY account through a bank branch or Business Correspondent (Bank Mitra) outlet.","ஏற்கனவே அடிப்படை சேமிப்பு வங்கி கணக்கு இல்லாதவர்கள் வங்கி கிளை அல்லது வங்கி நண்பர் (Bank Mitra) மையத்தின் மூலம் PMJDY கணக்கைத் தொடங்கலாம்.","Aadhaar; or other officially valid KYC document such as Voter ID, Driving Licence, PAN, Passport or MGNREGA Job Card","ஆதார்; அல்லது வாக்காளர் அடையாள அட்டை, ஓட்டுநர் உரிமம், PAN, பாஸ்போர்ட் அல்லது MGNREGA வேலை அட்டை போன்ற செல்லுபடியாகும் KYC ஆவணம்","Visit a participating bank branch or Business Correspondent (Bank Mitra) outlet and submit the account-opening application with required KYC documents.","பங்கேற்கும் வங்கி கிளை அல்லது வங்கி நண்பர் (Bank Mitra) மையத்திற்குச் சென்று தேவையான KYC ஆவணங்களுடன் கணக்கு திறப்பு விண்ணப்பத்தை சமர்ப்பிக்கலாம்.","https://pmjdy.gov.in/"
155,Pradhan Mantri Street Vendor's AtmaNirbhar Nidhi (PM SVANidhi),பிரதான் மந்திரி ஸ்ட்ரீட் வெண்டர்ஸ் ஆத்மநிர்பர் நிதி,Employment,"PM SVANidhi provides working-capital loan support to eligible street vendors to help them restart and strengthen their vending businesses.","PM SVANidhi தகுதியுள்ள தெருவோர வியாபாரிகளுக்கு அவர்களின் வணிகத்தை மீண்டும் தொடங்கவும் வலுப்படுத்தவும் செயல்பாட்டு மூலதனக் கடன் உதவியை வழங்குகிறது.","Street vendors who meet the scheme's eligibility requirements, including vendors identified through the prescribed survey or those holding an appropriate Certificate of Vending/Identity Card or provisional documentation as applicable.","திட்டத்தின் தகுதி விதிகளை பூர்த்தி செய்யும் தெருவோர வியாபாரிகள் பயன்பெறலாம். இதில் அரசால் மேற்கொள்ளப்பட்ட கணக்கெடுப்பில் அடையாளம் காணப்பட்டவர்கள் அல்லது பொருத்தமான விற்பனைச் சான்றிதழ்/அடையாள அட்டை அல்லது பொருந்தும் தற்காலிக ஆவணம் கொண்டவர்கள் அடங்குவர்.","Certificate of Vending/Identity Card or Provisional Certificate; Aadhaar; Bank Account Details; Other documents as required by the lending process","விற்பனைச் சான்றிதழ்/அடையாள அட்டை அல்லது தற்காலிகச் சான்றிதழ்; ஆதார்; வங்கி கணக்கு விவரங்கள்; கடன் செயல்முறைக்கு தேவையான பிற ஆவணங்கள்","Eligible street vendors can apply through the PM SVANidhi portal or with assistance from a Banking Correspondent/Agent of a Micro Finance Institution.","தகுதியுள்ள தெருவோர வியாபாரிகள் PM SVANidhi இணையதளம் மூலம் அல்லது வங்கி தொடர்பாளர்/மைக்ரோ ஃபைனான்ஸ் நிறுவன முகவரின் உதவியுடன் விண்ணப்பிக்கலாம்.","https://pmsvanidhi.mohua.gov.in/"